url, redirect,Notes
http://www.clir.org/,,
http://www.clir.org/about,,
http://www.clir.org/about/become-a-sponsor-or-member,,
http://www.clir.org/about/clirs-reach,,remove?
http://www.clir.org/about/current-sponsors-and-funders,,
http://www.clir.org/about/governance,,Need to make pretty
http://www.clir.org/about/history,,
http://www.clir.org/about/history/CLRhistoryDM95.pdf,/wp-content/uploads/2016/09/CLRhistoryDM95.pdf,
http://www.clir.org/about/images/infographic_hires.pdf,/wp-content/uploads/2016/09/Infographic_hires.pdf,
http://www.clir.org/about/infographic,/wp-content/uploads/infographic_hires.pdf,
http://www.clir.org/about/news,/news/,"News items as ""posts"" and categorized as news"
http://www.clir.org/about/news/collabacademy,http://localhost:8888/wordpress/?p=296,
http://www.clir.org/about/news/deadline-extension,http://localhost:8888/wordpress/?p=297,
http://www.clir.org/about/news/DHwebinar,http://localhost:8888/wordpress/?p=295,
http://www.clir.org/about/news/nitle-webinar-slide-deck,/wp-content/uploads/nitle-webinar-slide-deck.pdf,
http://www.clir.org/about/news/pressrelease,,"Press release as ""posts"" and catagorized as ""pressrelease"""
http://www.clir.org/about/news/pressrelease/04board_pr.html,http://localhost:8888/wordpress/?p=300,
http://www.clir.org/about/news/pressrelease/04davenportpr.html,http://localhost:8888/wordpress/?p=478,
http://www.clir.org/about/news/pressrelease/04DLFbl_pr.html,http://localhost:8888/wordpress/?p=476,
http://www.clir.org/about/news/pressrelease/04DLFjisc_pr.html,http://localhost:8888/wordpress/?p=299,
http://www.clir.org/about/news/pressrelease/04gatesrecip.html,http://localhost:8888/wordpress/?p=301,
http://www.clir.org/about/news/pressrelease/04MelFell.html,,This page doesn't have any real content
http://www.clir.org/about/news/pressrelease/04p123pr.html,http://localhost:8888/wordpress/?p=479,
http://www.clir.org/about/news/pressrelease/04p124pr.html,,This page doesn't have any real content
http://www.clir.org/about/news/pressrelease/04p126pr.html,,This page doesn't have any real content
http://www.clir.org/about/news/pressrelease/04p127pr.html,,This page doesn't have any real content
http://www.clir.org/about/news/pressrelease/04p128pr.html,http://localhost:8888/wordpress/?p=483,
http://www.clir.org/about/news/pressrelease/05alexand_pr.html,http://localhost:8888/wordpress/?p=302,
http://www.clir.org/about/news/pressrelease/05aquifer_pr.html,http://localhost:8888/wordpress/?p=303,
http://www.clir.org/about/news/pressrelease/05board_pr.html,http://localhost:8888/wordpress/?p=304,
http://www.clir.org/about/news/pressrelease/05gates_pr.html,http://localhost:8888/wordpress/?p=305,
http://www.clir.org/about/news/pressrelease/05henry_pr.html,http://localhost:8888/wordpress/?p=306,
http://www.clir.org/about/news/pressrelease/05kott_pr.html,http://localhost:8888/wordpress/?p=307,
http://www.clir.org/about/news/pressrelease/05mellon_pr.html,http://localhost:8888/wordpress/?p=308,
http://www.clir.org/about/news/pressrelease/05p129pr.html,http://localhost:8888/wordpress/?p=309,
http://www.clir.org/about/news/pressrelease/05p132pr.html,http://localhost:8888/wordpress/?p=310,
http://www.clir.org/about/news/pressrelease/05p134pr.html,http://localhost:8888/wordpress/?p=311,
http://www.clir.org/about/news/pressrelease/06boardpr.html,http://localhost:8888/wordpress/?p=312,
http://www.clir.org/about/news/pressrelease/06gatespr.html,http://localhost:8888/wordpress/?p=313,
http://www.clir.org/about/news/pressrelease/06henrypr.html,http://localhost:8888/wordpress/?p=314,
http://www.clir.org/about/news/pressrelease/06nadpr.html,http://localhost:8888/wordpress/?p=315,
http://www.clir.org/about/news/pressrelease/06oxfordpr.html,http://localhost:8888/wordpress/?p=6924,
http://www.clir.org/about/news/pressrelease/06p135pr.html,http://localhost:8888/wordpress/?p=316,
http://www.clir.org/about/news/pressrelease/06p137pr.html,http://localhost:8888/wordpress/?p=317,
http://www.clir.org/about/news/pressrelease/06perrypr.html,http://localhost:8888/wordpress/?p=318,
http://www.clir.org/about/news/pressrelease/07friedlandpr.html,http://localhost:8888/wordpress/?p=319,
http://www.clir.org/about/news/pressrelease/07henrypr.html,http://localhost:8888/wordpress/?p=320,
http://www.clir.org/about/news/pressrelease/07kellerpr.html,http://localhost:8888/wordpress/?p=321,
http://www.clir.org/about/news/pressrelease/07mellon2pr.html,http://localhost:8888/wordpress/?p=322,
http://www.clir.org/about/news/pressrelease/07mellonpr.html,http://localhost:8888/wordpress/?p=323,
http://www.clir.org/about/news/pressrelease/08ARTpr.html,http://localhost:8888/wordpress/?p=324,
http://www.clir.org/about/news/pressrelease/08choudhurypr.html,http://localhost:8888/wordpress/?p=325,
http://www.clir.org/about/news/pressrelease/08hiddenpr.html,http://localhost:8888/wordpress/?p=326,
http://www.clir.org/about/news/pressrelease/08hiddenpr2.html,http://localhost:8888/wordpress/?p=327,
http://www.clir.org/about/news/pressrelease/08hiddenpr3.html,http://localhost:8888/wordpress/?p=328,
http://www.clir.org/about/news/pressrelease/08p141pr.html,http://localhost:8888/wordpress/?p=329,
http://www.clir.org/about/news/pressrelease/08p142pr.html,http://localhost:8888/wordpress/?p=330,
http://www.clir.org/about/news/pressrelease/09dlfclir.html,http://localhost:8888/wordpress/?p=331,
http://www.clir.org/about/news/pressrelease/09hiddenpr4.html,http://localhost:8888/wordpress/?p=6950,
http://www.clir.org/about/news/pressrelease/09hiddenpr5.html,http://localhost:8888/wordpress/?p=332,
http://www.clir.org/about/news/pressrelease/09imlsgrant.html,http://localhost:8888/wordpress/?p=333,
http://www.clir.org/about/news/pressrelease/09melgrant.html,http://localhost:8888/wordpress/?p=334,
http://www.clir.org/about/news/pressrelease/09melgrant2.html,http://localhost:8888/wordpress/?p=335,
http://www.clir.org/about/news/pressrelease/09p145pr.html,http://localhost:8888/wordpress/?p=336,
http://www.clir.org/about/news/pressrelease/10board.html,http://localhost:8888/wordpress/?p=337,
http://www.clir.org/about/news/pressrelease/10frick.html,http://localhost:8888/wordpress/?p=338,
http://www.clir.org/about/news/pressrelease/10hiddenpr1.html,http://localhost:8888/wordpress/?p=339,
http://www.clir.org/about/news/pressrelease/10hiddenpr2.html,http://localhost:8888/wordpress/?p=340,
http://www.clir.org/about/news/pressrelease/10pub147.html,http://localhost:8888/wordpress/?p=341,
http://www.clir.org/about/news/pressrelease/10pub149.html,http://localhost:8888/wordpress/?p=342,
http://www.clir.org/about/news/pressrelease/10taiga.html,http://localhost:8888/wordpress/?p=343,
http://www.clir.org/about/news/pressrelease/11betasprint.html,http://localhost:8888/wordpress/?p=344,
http://www.clir.org/about/news/pressrelease/11boardpr1.html,http://localhost:8888/wordpress/?p=345,
http://www.clir.org/about/news/pressrelease/11dlfpr1.html,http://localhost:8888/wordpress/?p=346,
http://www.clir.org/about/news/pressrelease/11dlfpr2.html,http://localhost:8888/wordpress/?p=347,
http://www.clir.org/about/news/pressrelease/11fryepr1.html,http://localhost:8888/wordpress/?p=6970,
http://www.clir.org/about/news/pressrelease/11hiddenpr1.html,http://localhost:8888/wordpress/?p=348,
http://www.clir.org/about/news/pressrelease/11mellonpr1.html,http://localhost:8888/wordpress/?p=6975,
http://www.clir.org/about/news/pressrelease/11mellonpr2.html,http://localhost:8888/wordpress/?p=349,
http://www.clir.org/about/news/pressrelease/11mellonpr3.html,http://localhost:8888/wordpress/?p=350,
http://www.clir.org/about/news/pressrelease/11mellonpr4.html,http://localhost:8888/wordpress/?p=351,
http://www.clir.org/about/news/pressrelease/11nuservicepr.html,http://localhost:8888/wordpress/?p=352,
http://www.clir.org/about/news/pressrelease/11peterson.html,http://localhost:8888/wordpress/?p=353,
http://www.clir.org/about/news/pressrelease/11peterson2.html,http://localhost:8888/wordpress/?p=354,
http://www.clir.org/about/news/pressrelease/11pub150pr.html,http://localhost:8888/wordpress/?p=298,
http://www.clir.org/about/news/pressrelease/11sloanpr1.html,http://localhost:8888/wordpress/?p=7014,
http://www.clir.org/about/news/pressrelease/11zipfpr1.html,http://localhost:8888/wordpress/?p=355,
http://www.clir.org/about/news/pressrelease/12anvil,http://localhost:8888/wordpress/?p=357,
http://www.clir.org/about/news/pressrelease/12anviljackson,http://localhost:8888/wordpress/?p=358,
http://www.clir.org/about/news/pressrelease/12HC1pr.html,http://localhost:8888/wordpress/?p=356,
http://www.clir.org/about/news/pressrelease/2002_gatesrecip.html,http://localhost:8888/wordpress/?p=487,
http://www.clir.org/about/news/pressrelease/2002_mellfell.html,http://localhost:8888/wordpress/?p=488,
http://www.clir.org/about/news/pressrelease/2002_mellfell2.html,http://localhost:8888/wordpress/?p=489,
http://www.clir.org/about/news/pressrelease/2002_mellsci.html,http://localhost:8888/wordpress/?p=490,
http://www.clir.org/about/news/pressrelease/2002_pub107_pr.html,http://localhost:8888/wordpress/?p=491,
http://www.clir.org/about/news/pressrelease/2002_pub108_pr.html,http://localhost:8888/wordpress/?p=492,
http://www.clir.org/about/news/pressrelease/2002_pub109_pr.html,http://localhost:8888/wordpress/?p=493,
http://www.clir.org/about/news/pressrelease/2002_pub110pr.html,http://localhost:8888/wordpress/?p=494,
http://www.clir.org/about/news/pressrelease/2002_seaman.html,http://localhost:8888/wordpress/?p=495,
http://www.clir.org/about/news/pressrelease/2002_zipffell.html,http://localhost:8888/wordpress/?p=496,
http://www.clir.org/about/news/pressrelease/2002tutorial_pr.html,http://localhost:8888/wordpress/?p=497,
http://www.clir.org/about/news/pressrelease/2003_gatesrecip.html,http://localhost:8888/wordpress/?p=499,
http://www.clir.org/about/news/pressrelease/2003detweiler.html,http://localhost:8888/wordpress/?p=500,
http://www.clir.org/about/news/pressrelease/2003dlfparts.html,http://localhost:8888/wordpress/?p=501,
http://www.clir.org/about/news/pressrelease/2003marcum.html,http://localhost:8888/wordpress/?p=502,
http://www.clir.org/about/news/pressrelease/2003MelFell.html,http://localhost:8888/wordpress/?p=498,
http://www.clir.org/about/news/pressrelease/2003postdoc.html,http://localhost:8888/wordpress/?p=503,There's no real content...
http://www.clir.org/about/news/pressrelease/2003pub111pr.html,http://localhost:8888/wordpress/?p=504,
http://www.clir.org/about/news/pressrelease/2003pub112pr.html,http://localhost:8888/wordpress/?p=505,
http://www.clir.org/about/news/pressrelease/2003pub114pr.html,http://localhost:8888/wordpress/?p=506,
http://www.clir.org/about/news/pressrelease/2003pub115pr.html,http://localhost:8888/wordpress/?p=507,
http://www.clir.org/about/news/pressrelease/2003pub116pr.html,http://localhost:8888/wordpress/?p=508,
http://www.clir.org/about/news/pressrelease/2003pub117pr.html,http://localhost:8888/wordpress/?p=509,There's no real content...
http://www.clir.org/about/news/pressrelease/2003pub118pr.html,http://localhost:8888/wordpress/?p=510,There's no real content...
http://www.clir.org/about/news/pressrelease/2003pub119pr.html,http://localhost:8888/wordpress/?p=511,There's no real content...
http://www.clir.org/about/news/pressrelease/2003pub120pr.html,http://localhost:8888/wordpress/?p=512,There's no real content...
http://www.clir.org/about/news/pressrelease/2003pub121pr.html,http://localhost:8888/wordpress/?p=513,There's no real content...
http://www.clir.org/about/news/pressrelease/2003pub122pr.html,http://localhost:8888/wordpress/?p=514,There's no real content...
http://www.clir.org/about/news/pressrelease/2012clir-vanderbilt,http://localhost:8888/wordpress/?p=360,
http://www.clir.org/about/news/pressrelease/2012MellonFellows,http://localhost:8888/wordpress/?p=359,
http://www.clir.org/about/news/pressrelease/2012mellongrant,http://localhost:8888/wordpress/?p=361,
http://www.clir.org/about/news/pressrelease/2012newboard,http://localhost:8888/wordpress/?p=362,
http://www.clir.org/about/news/pressrelease/2012peterson-fellow,http://localhost:8888/wordpress/?p=363,
http://www.clir.org/about/news/pressrelease/2012pub153,http://localhost:8888/wordpress/?p=364,
http://www.clir.org/about/news/pressrelease/2012pub154,http://localhost:8888/wordpress/?p=365,
http://www.clir.org/about/news/pressrelease/2012zipf,http://localhost:8888/wordpress/?p=366,
http://www.clir.org/about/news/pressrelease/2013_LCNRPP,http://localhost:8888/wordpress/?p=368,
http://www.clir.org/about/news/pressrelease/2013HCawards,http://localhost:8888/wordpress/?p=367,
http://www.clir.org/about/news/pressrelease/2013melfells,http://localhost:8888/wordpress/?p=369,
http://www.clir.org/about/news/pressrelease/2014HCawards,http://localhost:8888/wordpress/?p=370,
http://www.clir.org/about/news/pressrelease/2014mellon,http://localhost:8888/wordpress/?p=371,
http://www.clir.org/about/news/pressrelease/2014mellon-visual-studies,http://localhost:8888/wordpress/?p=372,
http://www.clir.org/about/news/pressrelease/2015-dighcawards,http://localhost:8888/wordpress/?p=373,
http://www.clir.org/about/news/pressrelease/2016DigHC,http://localhost:8888/wordpress/?p=374,
http://www.clir.org/about/news/pressrelease/2016lci,http://localhost:8888/wordpress/?p=376,
http://www.clir.org/about/news/pressrelease/AnvilAcademic,http://localhost:8888/wordpress/?p=377,
http://www.clir.org/about/news/pressrelease/audio-preservation-guide,http://localhost:8888/wordpress/?p=392,
http://www.clir.org/about/news/pressrelease/brazil.html,http://localhost:8888/wordpress/?p=516,
http://www.clir.org/about/news/pressrelease/ccsteering,http://localhost:8888/wordpress/?p=393,
http://www.clir.org/about/news/pressrelease/ccw.html,http://localhost:8888/wordpress/?p=517,
http://www.clir.org/about/news/pressrelease/CLIR DLF Announce Data Curation Fellowships,http://localhost:8888/wordpress/?p=378,
http://www.clir.org/about/news/pressrelease/clir-and-lc-publish-report-on-americas-endangered-silent-film-heritage,http://localhost:8888/wordpress/?p=394,
http://www.clir.org/about/news/pressrelease/clir-announces-2011-hidden-collections-awards,http://localhost:8888/wordpress/?p=395,
http://www.clir.org/about/news/pressrelease/clir-appoints-dlf-advisory-subcommittee,http://localhost:8888/wordpress/?p=396,
http://www.clir.org/about/news/pressrelease/clir-appoints-michael-f-suarez-distinguished-presidential-fellow,http://localhost:8888/wordpress/?p=397,
http://www.clir.org/about/news/pressrelease/clir-board-elects-ingrid-parent-appoints-new-executive-committee,http://localhost:8888/wordpress/?p=398,
http://www.clir.org/about/news/pressrelease/clir-names-new-postdoctoral-fellows-cohort-includes-clir-dlf-data-curation-postdoctoral-fellows,http://localhost:8888/wordpress/?p=399,
http://www.clir.org/about/news/pressrelease/clir-publishes-born-digital-guidance-for-donors-dealers-and-archival-repositories,http://localhost:8888/wordpress/?p=400,
http://www.clir.org/about/news/pressrelease/clir-publishes-research-data-management-principles-practices-and-prospects,http://localhost:8888/wordpress/?p=401,
http://www.clir.org/about/news/pressrelease/clir-receives-mellon-grant-for-postdoctoral-fellowships-in-data-curation-for-early-modern-studies,http://localhost:8888/wordpress/?p=402,
http://www.clir.org/about/news/pressrelease/cliringhouse.html,http://localhost:8888/wordpress/?p=518,
http://www.clir.org/about/news/pressrelease/coherence-new-members,http://localhost:8888/wordpress/?p=403,
http://www.clir.org/about/news/pressrelease/datacurationhosts,http://localhost:8888/wordpress/?p=404,
http://www.clir.org/about/news/pressrelease/developing-business-cases-for-new-services-report-offers-recommendations-for-research-libraries,http://localhost:8888/wordpress/?p=405,
http://www.clir.org/about/news/pressrelease/DHCaward,http://localhost:8888/wordpress/?p=379,
http://www.clir.org/about/news/pressrelease/dlf-advisorycommittee,http://localhost:8888/wordpress/?p=406,
http://www.clir.org/about/news/pressrelease/DLFendorses2.html,http://localhost:8888/wordpress/?p=515,
http://www.clir.org/about/news/pressrelease/DLFnowviskie,http://localhost:8888/wordpress/?p=381,
http://www.clir.org/about/news/pressrelease/dlfrenew.html,http://localhost:8888/wordpress/?p=7142,
http://www.clir.org/about/news/pressrelease/DLFSxSWi,http://localhost:8888/wordpress/?p=380,
http://www.clir.org/about/news/pressrelease/docabstractsinc.html,http://localhost:8888/wordpress/?p=519,
http://www.clir.org/about/news/pressrelease/enduring.html,http://localhost:8888/wordpress/?p=7147,
http://www.clir.org/about/news/pressrelease/ESCI-2014,http://localhost:8888/wordpress/?p=382,
http://www.clir.org/about/news/pressrelease/escience-inst,http://localhost:8888/wordpress/?p=407,
http://www.clir.org/about/news/pressrelease/fellows.html,http://localhost:8888/wordpress/?p=520,
http://www.clir.org/about/news/pressrelease/fellows2.html,http://localhost:8888/wordpress/?p=7157,
http://www.clir.org/about/news/pressrelease/fellows3.html,http://localhost:8888/wordpress/?p=521,
http://www.clir.org/about/news/pressrelease/fenella-france,http://localhost:8888/wordpress/?p=408,
http://www.clir.org/about/news/pressrelease/gates.html,http://localhost:8888/wordpress/?p=522,
http://www.clir.org/about/news/pressrelease/gates2.html,http://localhost:8888/wordpress/?p=523,
http://www.clir.org/about/news/pressrelease/HannahRasmussen,http://localhost:8888/wordpress/?p=368,
http://www.clir.org/about/news/pressrelease/hc-callforproposals,http://localhost:8888/wordpress/?p=409,
http://www.clir.org/about/news/pressrelease/HC2012,http://localhost:8888/wordpress/?p=383,
http://www.clir.org/about/news/pressrelease/HC2015app,http://localhost:8888/wordpress/?p=384,
http://www.clir.org/about/news/pressrelease/HCsymposium,http://localhost:8888/wordpress/?p=385,
http://www.clir.org/about/news/pressrelease/how-does-big-data-change-the-research-landscape-for-the-humanities-and-social-sciences,http://localhost:8888/wordpress/?p=410,
http://www.clir.org/about/news/pressrelease/imls-grant,http://localhost:8888/wordpress/?p=411,
http://www.clir.org/about/news/pressrelease/john-unsworth,http://localhost:8888/wordpress/?p=412,
http://www.clir.org/about/news/pressrelease/kenney.html,http://localhost:8888/wordpress/?p=524,
http://www.clir.org/about/news/pressrelease/king-nitle,http://localhost:8888/wordpress/?p=413,
http://www.clir.org/about/news/pressrelease/lci2015,http://localhost:8888/wordpress/?p=415,
http://www.clir.org/about/news/pressrelease/libpublisher,http://localhost:8888/wordpress/?p=416,
http://www.clir.org/about/news/pressrelease/luce.html,http://localhost:8888/wordpress/?p=525,
http://www.clir.org/about/news/pressrelease/medieval-grant,,
http://www.clir.org/about/news/pressrelease/mellgrant.html,,
http://www.clir.org/about/news/pressrelease/mellon-operating-grant,,
http://www.clir.org/about/news/pressrelease/mellon.html,,
http://www.clir.org/about/news/pressrelease/Mellondissertation,,
http://www.clir.org/about/news/pressrelease/mellonfellows2015,,
http://www.clir.org/about/news/pressrelease/mellonHCdigitize,,
http://www.clir.org/about/news/pressrelease/michael-edson,,
http://www.clir.org/about/news/pressrelease/molly-broad,,
http://www.clir.org/about/news/pressrelease/museum-images,,
http://www.clir.org/about/news/pressrelease/ndsa,,
http://www.clir.org/about/news/pressrelease/NDSR,,
http://www.clir.org/about/news/pressrelease/new_board,,
http://www.clir.org/about/news/pressrelease/NITLE-AC,,
http://www.clir.org/about/news/pressrelease/nowviskie,,
http://www.clir.org/about/news/pressrelease/oai.html,,
http://www.clir.org/about/news/pressrelease/openlab,,
http://www.clir.org/about/news/pressrelease/opgrant,,
http://www.clir.org/about/news/pressrelease/peterson-fellowship,,
http://www.clir.org/about/news/pressrelease/postdoc-collab,,
http://www.clir.org/about/news/pressrelease/pub100_press.html,,
http://www.clir.org/about/news/pressrelease/pub101_press.html,,
http://www.clir.org/about/news/pressrelease/pub103_press.html,,
http://www.clir.org/about/news/pressrelease/pub104_press.html,,
http://www.clir.org/about/news/pressrelease/pub105_press.html,,
http://www.clir.org/about/news/pressrelease/pub161,,
http://www.clir.org/about/news/pressrelease/pub162,,
http://www.clir.org/about/news/pressrelease/pub163,,
http://www.clir.org/about/news/pressrelease/pub90_press.html,,
http://www.clir.org/about/news/pressrelease/pub91_press.html,,
http://www.clir.org/about/news/pressrelease/pub92_press.html,,
http://www.clir.org/about/news/pressrelease/pub93_press.html,,
http://www.clir.org/about/news/pressrelease/pub94_press.html,,
http://www.clir.org/about/news/pressrelease/pub95_press.html,,
http://www.clir.org/about/news/pressrelease/pub96_press.html,,
http://www.clir.org/about/news/pressrelease/pub97_press.html,,
http://www.clir.org/about/news/pressrelease/pub98_press.html,,
http://www.clir.org/about/news/pressrelease/pub99_press.html,,
http://www.clir.org/about/news/pressrelease/RachelFrick_DPLA,,
http://www.clir.org/about/news/pressrelease/report-takes-global-perspective-on-supporting-digital-scholarship,,
http://www.clir.org/about/news/pressrelease/sloan-data-curation-award,,
http://www.clir.org/about/news/pressrelease/stephen-nichols,,
http://www.clir.org/about/news/pressrelease/stillo-clir-lc-mellon-fellowship,,
http://www.clir.org/about/news/pressrelease/VanDuinen,,
http://www.clir.org/about/news/pressrelease/visguide.html,,
http://www.clir.org/about/news/pressrelease/wayne-graham,,
http://www.clir.org/about/news/pressrelease/zipf2000.html,,
http://www.clir.org/about/news/pressrelease/zipf2001.html,,
http://www.clir.org/about/presidents-message,,
http://www.clir.org/about/pubs/archives/schmitz.pdf,/wp-content/uploads/schmitz.pdf,
http://www.clir.org/about/staff,/staff/,
http://www.clir.org/dlf,https://www.diglib.org,Just go to DLF site
http://www.clir.org/fellowships,,
http://www.clir.org/fellowships/mellon,,
http://www.clir.org/fellowships/mellon/applicantguidelines.html,/fellowships/mellon/application-guidelines/,
http://www.clir.org/fellowships/mellon/applicants.html,/fellowships/mellon/information-for-applicants/,
http://www.clir.org/fellowships/mellon/application,,
http://www.clir.org/fellowships/mellon/fellrecipients.html,/fellowships/mellon/information-for-recipients/,
http://www.clir.org/fellowships/mellon/MelFellRefGuideWeb.pdf,/wp-content/uploads/MelFellRefGuideWeb.pdf,
http://www.clir.org/fellowships/mellon/preservation.html,,
http://www.clir.org/fellowships/mellon/preservation.html/CLIRLCApplication.pdf,/wp-content/uploads/CLIRLCApplication.pdf,
http://www.clir.org/fellowships/mellon/preservation.html/CLIRLCMelFellRefGuide.pdf,/wp-content/uploads/CLIRLCMelFellRefGuide.pdf,
http://www.clir.org/fellowships/mellon/recipients.html,/fellowships/mellon/fellowship-recipients/,
http://www.clir.org/fellowships/mellon/recipients.html/CLIR_travel_policy.pdf,/wp-content/uploads/CLIR_travel_policy.pdf,
http://www.clir.org/fellowships/mellon/recipients.html/clir-travel-policy-10_22_15,,Does not exist
http://www.clir.org/fellowships/mellon/recipients.html/CLIRreimburseForm.xls,/wp-content/uploads/CLIRreimburseForm.xls,
http://www.clir.org/fellowships/mellon/recipients.html/CLIRstipendForm.pdf,/wp-content/uploads/CLIRstipendForm.doc,This resolves as a Word Doc 
http://www.clir.org/fellowships/mellon/recipients.html/MellonStipendDisburseForm.doc,/wp-content/uploads/MellonStipendDisburseForm.doc,
http://www.clir.org/fellowships/postdoc,,
http://www.clir.org/fellowships/postdoc/applicants,,
http://www.clir.org/fellowships/postdoc/applicants/acad,,
http://www.clir.org/fellowships/postdoc/applicants/bu2015,,
http://www.clir.org/fellowships/postdoc/applicants/california-digital-library,,
http://www.clir.org/fellowships/postdoc/applicants/carnegie-mellon-university,,
http://www.clir.org/fellowships/postdoc/applicants/columbia-university,,
http://www.clir.org/fellowships/postdoc/applicants/dc-medieval,,
http://www.clir.org/fellowships/postdoc/applicants/dc-science,,
http://www.clir.org/fellowships/postdoc/applicants/duke-university,,
http://www.clir.org/fellowships/postdoc/applicants/duke2015,,
http://www.clir.org/fellowships/postdoc/applicants/essay-questions,,
http://www.clir.org/fellowships/postdoc/applicants/faq,,
http://www.clir.org/fellowships/postdoc/applicants/federal-reserve-bank-of-kansas-city-the-center-for-the-advancement-of-data-and-research-in-economics,,
http://www.clir.org/fellowships/postdoc/applicants/internetarchive2015,,
http://www.clir.org/fellowships/postdoc/applicants/jhu_dcs2015,,
http://www.clir.org/fellowships/postdoc/applicants/lafayette-college,,
http://www.clir.org/fellowships/postdoc/applicants/library-of-congress-preservation-research-and-testing-division-prtd,,
http://www.clir.org/fellowships/postdoc/applicants/massachusetts-institute-of-technology-mit-libraries,,
http://www.clir.org/fellowships/postdoc/applicants/ncar2015,,
http://www.clir.org/fellowships/postdoc/applicants/north-carolina-state-university,,
http://www.clir.org/fellowships/postdoc/applicants/notredame_dcs2015,,
http://www.clir.org/fellowships/postdoc/applicants/notredame2015,,
http://www.clir.org/fellowships/postdoc/applicants/smith-college,,
http://www.clir.org/fellowships/postdoc/applicants/st-lawrence2015,,
http://www.clir.org/fellowships/postdoc/applicants/swarthmore_upa2015,,
http://www.clir.org/fellowships/postdoc/applicants/temple-university-libraries,,
http://www.clir.org/fellowships/postdoc/applicants/temple2015,,
http://www.clir.org/fellowships/postdoc/applicants/u-miami,,
http://www.clir.org/fellowships/postdoc/applicants/u-s-agency-for-international-development,,
http://www.clir.org/fellowships/postdoc/applicants/ucberkeley_dcs2015,,
http://www.clir.org/fellowships/postdoc/applicants/UIUC2015,,
http://www.clir.org/fellowships/postdoc/applicants/university-of-california-berkeley-1,,
http://www.clir.org/fellowships/postdoc/applicants/university-of-oklahoma-libraries,,
http://www.clir.org/fellowships/postdoc/applicants/university-of-pennsylvania,,
http://www.clir.org/fellowships/postdoc/applicants/university-of-pennsylvania-libraries,,
http://www.clir.org/fellowships/postdoc/applicants/university-of-victoria,,
http://www.clir.org/fellowships/postdoc/applicants/university-of-wisconsin-madison,,
http://www.clir.org/fellowships/postdoc/applicants/urochester2015,,
http://www.clir.org/fellowships/postdoc/applicants/utoronto2015,,
http://www.clir.org/fellowships/postdoc/applicants/vanderbilt-university,,
http://www.clir.org/fellowships/postdoc/applicants/vt2015,,
http://www.clir.org/fellowships/postdoc/applicants/wellesley-college,,
http://www.clir.org/fellowships/postdoc/applicants/yale-university-library,,
http://www.clir.org/fellowships/postdoc/fellowsupdate,,
http://www.clir.org/fellowships/postdoc/hosts,,
http://www.clir.org/fellowships/postdoc/hosts/acad,,
http://www.clir.org/fellowships/postdoc/hosts/dc-medieval,,
http://www.clir.org/fellowships/postdoc/hosts/dc-science,,
http://www.clir.org/fellowships/postdoc/info,,
http://www.clir.org/fellowships/postdoc/info/academic-libraries,,
http://www.clir.org/fellowships/postdoc/info/dc-medieval,,
http://www.clir.org/fellowships/postdoc/info/dc-science,,
http://www.clir.org/fellowships/postdoc/previous,,
http://www.clir.org/fellowships/postdoc/projsandpubs,,
http://www.clir.org/fellowships/postdoc/recipients,,
http://www.clir.org/fellowships/postdoc/recipients/CLIRPostdocTravelReimbursementForm.xls,,
http://www.clir.org/fellowships/postdoc/recipients/dc-all,,
http://www.clir.org/fellowships/postdoc/recipients/fellowreport,,
http://www.clir.org/fellowships/postdoc/recipients/Financialreportingtemplate_postdoc.xlsx,,
http://www.clir.org/fellowships/postdoc/recipients/past-education-and-training-program-dates,,
http://www.clir.org/fellowships/postdoc/recipients/summer-2012-seminar-agenda,,
http://www.clir.org/fellowships/postdoc/recipients/summer-2013-seminar-agenda,,
http://www.clir.org/fellowships/postdoc/recipients/summer-seminar-agenda-2014,,
http://www.clir.org/fellowships/postdoc/recipients/summer-seminar-agenda-2015,,
http://www.clir.org/fellowships/postdoc/recipients/supervisorreport,,
http://www.clir.org/fellowships/postdoc/recipients/winter-Dec2013-meeting-agenda,,
http://www.clir.org/fellowships/postdoc/teaching-by-the-book,,
http://www.clir.org/fellowships/rovelstad,,
http://www.clir.org/fellowships/zipf,,
http://www.clir.org/forms/clir_travel_policy,,
http://www.clir.org/hiddencollections,/hidden-collections/,
http://www.clir.org/hiddencollections/2015-symposium-unconference,,
http://www.clir.org/hiddencollections/2015-symposium-unconference/keynotes,,
http://www.clir.org/hiddencollections/2015-symposium-unconference/poster,,
http://www.clir.org/hiddencollections/2015-symposium-unconference/presenter-guidelines,,
http://www.clir.org/hiddencollections/2015-symposium-unconference/schedule,,
http://www.clir.org/hiddencollections/2015-symposium-unconference/symposium-abstracts,,
http://www.clir.org/hiddencollections/2015-symposium-unconference/unconference-draft-schedule,,
http://www.clir.org/hiddencollections/about-the-program,/hidden-collections/about-the-program/,
http://www.clir.org/hiddencollections/applicants,/hidden-collections/applicants/,
http://www.clir.org/hiddencollections/applicants/applicant-documents/dhclistofcollections,,
http://www.clir.org/hiddencollections/applicants/applicant-documents/dhcproposalcoversheet.pdf,,
http://www.clir.org/hiddencollections/applicants/applicant-documents/dhcreviewerquestions.pdf,,
http://www.clir.org/hiddencollections/applicants/applicant-documents/model-ip-agreement,,
http://www.clir.org/hiddencollections/applicants/applicant-documents/projectplanappendix,,
http://www.clir.org/hiddencollections/applicants/applicantguidelines.html,/hidden-collections/application-guidelines/,
http://www.clir.org/hiddencollections/applicants/applicantguidelines.html/MultiplePartyContentandDigitalFilesTEMPLATECLIR.docx,/wp-content/uploads//MultiplePartyContentandDigitalFilesTEMPLATECLIR.docx,
http://www.clir.org/hiddencollections/applicants/clir-staff-presentations/2016-applicant-webinar-presentation-slides,/wp-content/uploads//MultiplePartyContentandDigitalFilesTEMPLATECLIR.docx,
http://www.clir.org/hiddencollections/applicants/ErieCanalMuseumWard_3173149_Redacted.pdf,/wp-content/uploads/DHC_Applicant_Webinar_2016.pdf,
http://www.clir.org/hiddencollections/applicants/LehighUniversityLindermanLibraryBlack_3173130_Redacted.pdf,/wp-content/uploads/LehighUniversityLindermanLibraryBlack_3173130_Redacted.pdf,
http://www.clir.org/hiddencollections/applicants/related-grant-programs,/hidden-collections/related-grant-programs/,
http://www.clir.org/hiddencollections/applicants/related-grant-programs/general-advice,,
http://www.clir.org/hiddencollections/applicants/TheHarryRansomCenteratTheUniversityofTexasatAustinEnniss_3173122_Redacted.pdf,/wp-content/uploads/2016/09/TheHarryRansomCenteratTheUniversityofTexasatAustinEnniss_3173122_Redacted.pdf,
http://www.clir.org/hiddencollections/applicants/ThePresidentsandFellowsofHarvardCollegefortheRadcliffeInstituteforAdvancedStudyCarpent_3173138_Redacted.pdf,/wp-content/uploads/2016/09/ThePresidentsandFellowsofHarvardCollegefortheRadcliffeInstituteforAdvancedStudyCarpent_3173138_Redacted.pdf,
http://www.clir.org/hiddencollections/awards,/hidden-collections/funded-projects/,
http://www.clir.org/hiddencollections/awards/for-2008,/hidden-collections/funded-projects/#2008,
http://www.clir.org/hiddencollections/awards/for-2009,/hidden-collections/funded-projects/#2009,
http://www.clir.org/hiddencollections/awards/for-2010,/hidden-collections/funded-projects/#2010,
http://www.clir.org/hiddencollections/awards/for-2011,/hidden-collections/funded-projects/#2011,
http://www.clir.org/hiddencollections/awards/for-2012,/hidden-collections/funded-projects/#2012,
http://www.clir.org/hiddencollections/awards/for-2013,/hidden-collections/funded-projects/#2013,
http://www.clir.org/hiddencollections/awards/for-2014,/hidden-collections/funded-projects/#2014,
http://www.clir.org/hiddencollections/awards/for-2015,/hidden-collections/funded-projects/#2015,
http://www.clir.org/hiddencollections/meetings/2010HCsymposium.html,,
http://www.clir.org/hiddencollections/meetings/symposium/symposium20100329_gallery.html,,
http://www.clir.org/hiddencollections/program-proposals/2008HiddenCollectionsProposal.pdf,,
http://www.clir.org/hiddencollections/program-proposals/2015-digitizing-hidden-collections-proposal-pdf,,
http://www.clir.org/hiddencollections/recipients,/hidden-collections/funded-projects/,
http://www.clir.org/hiddencollections/recipients/CHCgrantinfo.html,,
http://www.clir.org/hiddencollections/recipients/clir-connect-signup-form,,
http://www.clir.org/hiddencollections/recipients/financialreportingtemplate_grantmodification,,
http://www.clir.org/hiddencollections/recipients/hc-report-template,,
http://www.clir.org/hiddencollections/recipients/hidden-collections-financial-report-mockup,,
http://www.clir.org/hiddencollections/recipients/hidden-collections-financial-report-template-edited,,
http://www.clir.org/hiddencollections/recipients/meetings/SAAPresentationText.pdf,,
http://www.clir.org/hiddencollections/recipients/reporting,,
http://www.clir.org/hiddencollections/registry,,
http://www.clir.org/hiddencollections/registry/hc.0005,,
http://www.clir.org/hiddencollections/registry/hc.0011,,
http://www.clir.org/hiddencollections/registry/hc.0060,,
http://www.clir.org/hiddencollections/registry/hc.0241,,
http://www.clir.org/hiddencollections/registry/hc.0253,,
http://www.clir.org/hiddencollections/registry/hc.0258,,
http://www.clir.org/hiddencollections/registry/hc.0362,,
http://www.clir.org/hiddencollections/registry/hc.0365,,
http://www.clir.org/hiddencollections/registry/hc.0406,,
http://www.clir.org/hiddencollections/registry/hc.0407,,
http://www.clir.org/hiddencollections/registry/hc.0448,,
http://www.clir.org/hiddencollections/registry/hc.0517,,
http://www.clir.org/hiddencollections/registry/hc.0525,,
http://www.clir.org/hiddencollections/registry/hc.0557,,
http://www.clir.org/hiddencollections/registry/hc.0824,,
http://www.clir.org/hiddencollections/registry/hc.0831,,
http://www.clir.org/hiddencollections/registry/hc.0865,,
http://www.clir.org/hiddencollections/registry/hc.0920,,
http://www.clir.org/hiddencollections/registry/hc.0939,,
http://www.clir.org/hiddencollections/registry/hc.0960,,
http://www.clir.org/hiddencollections/registry/hc.0964,,
http://www.clir.org/hiddencollections/registry/hc.1067,,
http://www.clir.org/hiddencollections/registry/hc.1091,,
http://www.clir.org/hiddencollections/registry/hc.1115,,
http://www.clir.org/hiddencollections/registry/hc.1144,,
http://www.clir.org/hiddencollections/resources,,
http://www.clir.org/initiatives-partnerships,,
http://www.clir.org/initiatives-partnerships/anvil-academic-publishing,,
http://www.clir.org/initiatives-partnerships/anvil-academic-publishing/anvil-board,,
http://www.clir.org/initiatives-partnerships/cios,,
http://www.clir.org/initiatives-partnerships/data-curation,,
http://www.clir.org/initiatives-partnerships/dlme,,
http://www.clir.org/initiatives-partnerships/leadership-through-new-communities,,
http://www.clir.org/initiatives-partnerships/leadership-through-new-communities/digccurr-institute-unc,,
http://www.clir.org/initiatives-partnerships/leadership-through-new-communities/future-of-the-liberal-arts-college-library-symposium,,
http://www.clir.org/initiatives-partnerships/leadership-through-new-communities/previous-activities,,
http://www.clir.org/initiatives-partnerships/leading-change-institute,,
http://www.clir.org/initiatives-partnerships/ndsr,,
http://www.clir.org/initiatives-partnerships/ndsr/CLIRNDSRResidentInterviewQuestions3.pdf,,
http://www.clir.org/initiatives-partnerships/ndsr/CLIRNDSRSupervisorInterviewQuestions1.pdf,,
http://www.clir.org/privacy.html,/privacy/,
http://www.clir.org/pubs,/publications/,TODO
http://www.clir.org/pubs/annual,/publications/annual-reports/,TODO
http://www.clir.org/pubs/annual/11annrep.pdf,/wp-content/uploads/11annrep.pdf,
http://www.clir.org/pubs/annual/12annrep.pdf,/wp-content/uploads/12annrep.pdf,
http://www.clir.org/pubs/annual/13annreport.pdf,/wp-content/uploads/13annreport.pdf,
http://www.clir.org/pubs/annual/14annreport.pdf,/wp-content/uploads/14annreport.pdf,
http://www.clir.org/pubs/annual/15annreport,/wp-content/uploads/15annreport.pdf,
http://www.clir.org/pubs/annual/previous-annual-reports,,
http://www.clir.org/pubs/annual/previous-annual-reports/04annrep.pdf,/wp-content/uploads/04annrep.pdf,
http://www.clir.org/pubs/annual/previous-annual-reports/05annrep.pdf,/wp-content/uploads/05annrep.pdf,
http://www.clir.org/pubs/annual/previous-annual-reports/07annrep.pdf,/wp-content/uploads/06annrep.pdf,
http://www.clir.org/pubs/annual/previous-annual-reports/08annrep.pdf,/wp-content/uploads/08annrep.pdf,
http://www.clir.org/pubs/annual/previous-annual-reports/09annrep.pdf,/wp-content/uploads/09annrep.pdf,
http://www.clir.org/pubs/annual/previous-annual-reports/10annrep.pdf,/wp-content/uploads/10annrep.pdf,
http://www.clir.org/pubs/annual/previous-annual-reports/annrpt2000,,
http://www.clir.org/pubs/annual/previous-annual-reports/annrpt2000/00CLIR.pdf,/wp-content/uploads/00CLIR.pdf,
http://www.clir.org/pubs/annual/previous-annual-reports/annrpt2000/acknowledgments.html,,
http://www.clir.org/pubs/annual/previous-annual-reports/annrpt2000/advisory.html,,
http://www.clir.org/pubs/annual/previous-annual-reports/annrpt2000/audit25.html,,
http://www.clir.org/pubs/annual/previous-annual-reports/annrpt2000/economics.html,,
http://www.clir.org/pubs/annual/previous-annual-reports/annrpt2000/grants.html,,
http://www.clir.org/pubs/annual/previous-annual-reports/annrpt2000/international.html,,
http://www.clir.org/pubs/annual/previous-annual-reports/annrpt2000/leadership.html,,
http://www.clir.org/pubs/annual/previous-annual-reports/annrpt2000/letter.html,,
http://www.clir.org/pubs/annual/previous-annual-reports/annrpt2000/libraries.html,,
http://www.clir.org/pubs/annual/previous-annual-reports/annrpt2000/message.html,,
http://www.clir.org/pubs/annual/previous-annual-reports/annrpt2000/preservation.html,,
http://www.clir.org/pubs/annual/previous-annual-reports/annrpt2000/publications.html,,
http://www.clir.org/pubs/annual/previous-annual-reports/annrpt2000/resources.html,,
http://www.clir.org/pubs/annual/previous-annual-reports/annrpt2001,,
http://www.clir.org/pubs/annual/previous-annual-reports/annrpt2001/01CLIR.pdf,,
http://www.clir.org/pubs/annual/previous-annual-reports/annrpt2001/acknowledgments.html,,
http://www.clir.org/pubs/annual/previous-annual-reports/annrpt2001/advisory.html,,
http://www.clir.org/pubs/annual/previous-annual-reports/annrpt2001/auditxx.html,,
http://www.clir.org/pubs/annual/previous-annual-reports/annrpt2001/grants.html,,
http://www.clir.org/pubs/annual/previous-annual-reports/annrpt2001/international.html,,
http://www.clir.org/pubs/annual/previous-annual-reports/annrpt2001/leadership.html,,
http://www.clir.org/pubs/annual/previous-annual-reports/annrpt2001/letter.html,,
http://www.clir.org/pubs/annual/previous-annual-reports/annrpt2001/libraries.html,,
http://www.clir.org/pubs/annual/previous-annual-reports/annrpt2001/message.html,,
http://www.clir.org/pubs/annual/previous-annual-reports/annrpt2001/preservation.html,,
http://www.clir.org/pubs/annual/previous-annual-reports/annrpt2001/publications.html,,
http://www.clir.org/pubs/annual/previous-annual-reports/annrpt2001/resources.html,,
http://www.clir.org/pubs/annual/previous-annual-reports/annrpt2002/02annrep.pdf,,
http://www.clir.org/pubs/annual/previous-annual-reports/annrpt2003/03annrep.pdf,,
http://www.clir.org/pubs/annual/previous-annual-reports/annrpt88.html,,
http://www.clir.org/pubs/annual/previous-annual-reports/annrpt89.html,,
http://www.clir.org/pubs/annual/previous-annual-reports/annrpt90.html,,
http://www.clir.org/pubs/annual/previous-annual-reports/annrpt91.html,,
http://www.clir.org/pubs/annual/previous-annual-reports/annrpt92.html,,
http://www.clir.org/pubs/annual/previous-annual-reports/annrpt93.html,,
http://www.clir.org/pubs/annual/previous-annual-reports/annrpt94.html,,
http://www.clir.org/pubs/annual/previous-annual-reports/annrpt95.html,,
http://www.clir.org/pubs/annual/previous-annual-reports/annrpt96,,
http://www.clir.org/pubs/annual/previous-annual-reports/annrpt97,,
http://www.clir.org/pubs/annual/previous-annual-reports/annrpt97/acknowledgments.html,,
http://www.clir.org/pubs/annual/previous-annual-reports/annrpt97/advisory.html,,
http://www.clir.org/pubs/annual/previous-annual-reports/annrpt97/economics.html,,
http://www.clir.org/pubs/annual/previous-annual-reports/annrpt97/grants.pdf,,
http://www.clir.org/pubs/annual/previous-annual-reports/annrpt97/leadership.html,,
http://www.clir.org/pubs/annual/previous-annual-reports/annrpt97/libraries.html,,
http://www.clir.org/pubs/annual/previous-annual-reports/annrpt97/message.html,,
http://www.clir.org/pubs/annual/previous-annual-reports/annrpt97/preservation.html,,
http://www.clir.org/pubs/annual/previous-annual-reports/annrpt97/programs.html,,
http://www.clir.org/pubs/annual/previous-annual-reports/annrpt97/publications.html,,
http://www.clir.org/pubs/annual/previous-annual-reports/annrpt97/task.html,,
http://www.clir.org/pubs/annual/previous-annual-reports/annrpt98,,
http://www.clir.org/pubs/annual/previous-annual-reports/annrpt98/acknowledgments.html,,
http://www.clir.org/pubs/annual/previous-annual-reports/annrpt98/advisory.html,,
http://www.clir.org/pubs/annual/previous-annual-reports/annrpt98/economics.html,,
http://www.clir.org/pubs/annual/previous-annual-reports/annrpt98/grants.pdf,,
http://www.clir.org/pubs/annual/previous-annual-reports/annrpt98/leadership.html,,
http://www.clir.org/pubs/annual/previous-annual-reports/annrpt98/letter.html,,
http://www.clir.org/pubs/annual/previous-annual-reports/annrpt98/libraries.html,,
http://www.clir.org/pubs/annual/previous-annual-reports/annrpt98/message.html,,
http://www.clir.org/pubs/annual/previous-annual-reports/annrpt98/preservation.html,,
http://www.clir.org/pubs/annual/previous-annual-reports/annrpt98/programs.html,,
http://www.clir.org/pubs/annual/previous-annual-reports/annrpt98/publications.html,,
http://www.clir.org/pubs/annual/previous-annual-reports/annrpt99,,
http://www.clir.org/pubs/annual/previous-annual-reports/annrpt99/acknowledgments.html,,
http://www.clir.org/pubs/annual/previous-annual-reports/annrpt99/activities.html,,
http://www.clir.org/pubs/annual/previous-annual-reports/annrpt99/advisory.html,,
http://www.clir.org/pubs/annual/previous-annual-reports/annrpt99/audit31.html,,
http://www.clir.org/pubs/annual/previous-annual-reports/annrpt99/economics.html,,
http://www.clir.org/pubs/annual/previous-annual-reports/annrpt99/fullreport.pdf,,
http://www.clir.org/pubs/annual/previous-annual-reports/annrpt99/grants.html,,
http://www.clir.org/pubs/annual/previous-annual-reports/annrpt99/international.html,,
http://www.clir.org/pubs/annual/previous-annual-reports/annrpt99/leadership.html,,
http://www.clir.org/pubs/annual/previous-annual-reports/annrpt99/letter.html,,
http://www.clir.org/pubs/annual/previous-annual-reports/annrpt99/libraries.html,,
http://www.clir.org/pubs/annual/previous-annual-reports/annrpt99/message.html,,
http://www.clir.org/pubs/annual/previous-annual-reports/annrpt99/preservation.html,,
http://www.clir.org/pubs/annual/previous-annual-reports/annrpt99/publications.html,,
http://www.clir.org/pubs/annual/previous-annual-reports/annrpt99/resources.html,,
http://www.clir.org/pubs/annual/previous-annual-reports/finrpt88.html,,
http://www.clir.org/pubs/annual/previous-annual-reports/finrpt89.html,,
http://www.clir.org/pubs/annual/previous-annual-reports/finrpt90.html,,
http://www.clir.org/pubs/annual/previous-annual-reports/finrpt92.html,,
http://www.clir.org/pubs/archives,,
http://www.clir.org/pubs/archives/AckerShilton2010.pdf,/wp-content/uploads/AckerShilton2010.pdf,
http://www.clir.org/pubs/archives/AckerShiltonAppend2.pdf,/wp-content/uploads/AckerShiltonAppend2.pdf,
http://www.clir.org/pubs/archives/cliringhouse,,
http://www.clir.org/pubs/archives/cliringhouse/house01.html,,
http://www.clir.org/pubs/archives/cliringhouse/house02.html,,
http://www.clir.org/pubs/archives/cliringhouse/house03.html,,
http://www.clir.org/pubs/archives/cliringhouse/house04.html,,
http://www.clir.org/pubs/archives/cliringhouse/house05.html,,
http://www.clir.org/pubs/archives/cliringhouse/house06.html,,
http://www.clir.org/pubs/archives/cliringhouse/house07.html,,
http://www.clir.org/pubs/archives/cliringhouse/house08.html,,
http://www.clir.org/pubs/archives/cliringhouse/house09.html,,
http://www.clir.org/pubs/archives/cliringhouse/house10.html,,
http://www.clir.org/pubs/archives/cliringhouse/house11.html,,
http://www.clir.org/pubs/archives/cliringhouse/house12.html,,
http://www.clir.org/pubs/archives/cliringhouse/house13.html,,
http://www.clir.org/pubs/archives/cliringhouse/house14.html,,
http://www.clir.org/pubs/archives/cliringhouse/house15.html,,
http://www.clir.org/pubs/archives/cliringhouse/house16.html,,
http://www.clir.org/pubs/archives/cliringhouse/house17.html,,
http://www.clir.org/pubs/archives/cliringhouse/house18.html,,
http://www.clir.org/pubs/archives/cliringhouse/house19.html,,
http://www.clir.org/pubs/archives/cpanews,,
http://www.clir.org/pubs/archives/cpanews/cpanl01.html,,
http://www.clir.org/pubs/archives/cpanews/cpanl02.html,,
http://www.clir.org/pubs/archives/cpanews/cpanl03.html,,
http://www.clir.org/pubs/archives/cpanews/cpanl04.html,,
http://www.clir.org/pubs/archives/cpanews/cpanl05.html,,
http://www.clir.org/pubs/archives/cpanews/cpanl06.html,,
http://www.clir.org/pubs/archives/cpanews/cpanl07.html,,
http://www.clir.org/pubs/archives/cpanews/cpanl08.html,,
http://www.clir.org/pubs/archives/cpanews/cpanl09.html,,
http://www.clir.org/pubs/archives/cpanews/cpanl10.html,,
http://www.clir.org/pubs/archives/cpanews/cpanl100.html,,
http://www.clir.org/pubs/archives/cpanews/cpanl101.html,,
http://www.clir.org/pubs/archives/cpanews/cpanl102.html,,
http://www.clir.org/pubs/archives/cpanews/cpanl103.html,,
http://www.clir.org/pubs/archives/cpanews/cpanl104.html,,
http://www.clir.org/pubs/archives/cpanews/cpanl11.html,,
http://www.clir.org/pubs/archives/cpanews/cpanl12.html,,
http://www.clir.org/pubs/archives/cpanews/cpanl13.html,,
http://www.clir.org/pubs/archives/cpanews/cpanl14.html,,
http://www.clir.org/pubs/archives/cpanews/cpanl15.html,,
http://www.clir.org/pubs/archives/cpanews/cpanl16.html,,
http://www.clir.org/pubs/archives/cpanews/cpanl17.html,,
http://www.clir.org/pubs/archives/cpanews/cpanl18.html,,
http://www.clir.org/pubs/archives/cpanews/cpanl19.html,,
http://www.clir.org/pubs/archives/cpanews/cpanl20.html,,
http://www.clir.org/pubs/archives/cpanews/cpanl21.html,,
http://www.clir.org/pubs/archives/cpanews/cpanl22.html,,
http://www.clir.org/pubs/archives/cpanews/cpanl23.html,,
http://www.clir.org/pubs/archives/cpanews/cpanl24.html,,
http://www.clir.org/pubs/archives/cpanews/cpanl25.html,,
http://www.clir.org/pubs/archives/cpanews/cpanl26.html,,
http://www.clir.org/pubs/archives/cpanews/cpanl27.html,,
http://www.clir.org/pubs/archives/cpanews/cpanl28.html,,
http://www.clir.org/pubs/archives/cpanews/cpanl29.html,,
http://www.clir.org/pubs/archives/cpanews/cpanl30.html,,
http://www.clir.org/pubs/archives/cpanews/cpanl31.html,,
http://www.clir.org/pubs/archives/cpanews/cpanl32.html,,
http://www.clir.org/pubs/archives/cpanews/cpanl33.html,,
http://www.clir.org/pubs/archives/cpanews/cpanl34.html,,
http://www.clir.org/pubs/archives/cpanews/cpanl35.html,,
http://www.clir.org/pubs/archives/cpanews/cpanl36.html,,
http://www.clir.org/pubs/archives/cpanews/cpanl37.html,,
http://www.clir.org/pubs/archives/cpanews/cpanl38.html,,
http://www.clir.org/pubs/archives/cpanews/cpanl39.html,,
http://www.clir.org/pubs/archives/cpanews/cpanl40.html,,
http://www.clir.org/pubs/archives/cpanews/cpanl41.html,,
http://www.clir.org/pubs/archives/cpanews/cpanl42.html,,
http://www.clir.org/pubs/archives/cpanews/cpanl43.html,,
http://www.clir.org/pubs/archives/cpanews/cpanl44.html,,
http://www.clir.org/pubs/archives/cpanews/cpanl45.html,,
http://www.clir.org/pubs/archives/cpanews/cpanl46.html,,
http://www.clir.org/pubs/archives/cpanews/cpanl47.html,,
http://www.clir.org/pubs/archives/cpanews/cpanl48.html,,
http://www.clir.org/pubs/archives/cpanews/cpanl49.html,,
http://www.clir.org/pubs/archives/cpanews/cpanl50.html,,
http://www.clir.org/pubs/archives/cpanews/cpanl51.html,,
http://www.clir.org/pubs/archives/cpanews/cpanl52.html,,
http://www.clir.org/pubs/archives/cpanews/cpanl53.html,,
http://www.clir.org/pubs/archives/cpanews/cpanl54.html,,
http://www.clir.org/pubs/archives/cpanews/cpanl55.html,,
http://www.clir.org/pubs/archives/cpanews/cpanl56.html,,
http://www.clir.org/pubs/archives/cpanews/cpanl57.html,,
http://www.clir.org/pubs/archives/cpanews/cpanl58.html,,
http://www.clir.org/pubs/archives/cpanews/cpanl59.html,,
http://www.clir.org/pubs/archives/cpanews/cpanl60.html,,
http://www.clir.org/pubs/archives/cpanews/cpanl61.html,,
http://www.clir.org/pubs/archives/cpanews/cpanl62.html,,
http://www.clir.org/pubs/archives/cpanews/cpanl63.html,,
http://www.clir.org/pubs/archives/cpanews/cpanl64.html,,
http://www.clir.org/pubs/archives/cpanews/cpanl65.html,,
http://www.clir.org/pubs/archives/cpanews/cpanl66.html,,
http://www.clir.org/pubs/archives/cpanews/cpanl67.html,,
http://www.clir.org/pubs/archives/cpanews/cpanl68.html,,
http://www.clir.org/pubs/archives/cpanews/cpanl69.html,,
http://www.clir.org/pubs/archives/cpanews/cpanl70.html,,
http://www.clir.org/pubs/archives/cpanews/cpanl71.html,,
http://www.clir.org/pubs/archives/cpanews/cpanl72.html,,
http://www.clir.org/pubs/archives/cpanews/cpanl73.html,,
http://www.clir.org/pubs/archives/cpanews/cpanl74.html,,
http://www.clir.org/pubs/archives/cpanews/cpanl75.html,,
http://www.clir.org/pubs/archives/cpanews/cpanl76.html,,
http://www.clir.org/pubs/archives/cpanews/cpanl77.html,,
http://www.clir.org/pubs/archives/cpanews/cpanl79.html,,
http://www.clir.org/pubs/archives/cpanews/cpanl80.html,,
http://www.clir.org/pubs/archives/cpanews/cpanl81.html,,
http://www.clir.org/pubs/archives/cpanews/cpanl82.html,,
http://www.clir.org/pubs/archives/cpanews/cpanl83.html,,
http://www.clir.org/pubs/archives/cpanews/cpanl84.html,,
http://www.clir.org/pubs/archives/cpanews/cpanl85.html,,
http://www.clir.org/pubs/archives/cpanews/cpanl86.html,,
http://www.clir.org/pubs/archives/cpanews/cpanl87.html,,
http://www.clir.org/pubs/archives/cpanews/cpanl88.html,,
http://www.clir.org/pubs/archives/cpanews/cpanl89.html,,
http://www.clir.org/pubs/archives/cpanews/cpanl90.html,,
http://www.clir.org/pubs/archives/cpanews/cpanl91.html,,
http://www.clir.org/pubs/archives/cpanews/cpanl92.html,,
http://www.clir.org/pubs/archives/cpanews/cpanl93.html,,
http://www.clir.org/pubs/archives/cpanews/cpanl94.html,,
http://www.clir.org/pubs/archives/cpanews/cpanl95.html,,
http://www.clir.org/pubs/archives/cpanews/cpanl96.html,,
http://www.clir.org/pubs/archives/cpanews/cpanl97.html,,
http://www.clir.org/pubs/archives/cpanews/cpanl98.html,,
http://www.clir.org/pubs/archives/cpanews/cpanl99.html,,
http://www.clir.org/pubs/archives/dublin2008.pdf,,
http://www.clir.org/pubs/archives/ejournal.htm,,
http://www.clir.org/pubs/archives/ensuring.pdf,/wp-content/uploads/ensuring.pdf,
http://www.clir.org/pubs/archives/film,,
http://www.clir.org/pubs/archives/film/future,,
http://www.clir.org/pubs/archives/film/future/discussion.html,,
http://www.clir.org/pubs/archives/film/future/order.html,,
http://www.clir.org/pubs/archives/film/future/otheres.html,,
http://www.clir.org/pubs/archives/harter509.mp3,/wp-content/uploads/harter509.mp3,
http://www.clir.org/pubs/archives/hybrid.pdf,/wp-content/uploads/hybrid.pdf,
http://www.clir.org/pubs/archives/hybrid2.doc,/wp-content/uploads/hybrid2.doc,
http://www.clir.org/pubs/archives/hybridintro.html,,
http://www.clir.org/pubs/archives/KIT-Friedlander.pdf,/wp-content/uploads/KIT-Friedlander.pdf,
http://www.clir.org/pubs/archives/pain,,
http://www.clir.org/pubs/archives/pain/pain01.html,,
http://www.clir.org/pubs/archives/pain/pain02.html,,
http://www.clir.org/pubs/archives/pain/pain03.html,,
http://www.clir.org/pubs/archives/pain/pain04.html,,
http://www.clir.org/pubs/archives/pain/pain05.html,,
http://www.clir.org/pubs/archives/pain/pain06.html,,
http://www.clir.org/pubs/archives/pain/pain07.html,,
http://www.clir.org/pubs/archives/pain/pain08.html,,
http://www.clir.org/pubs/archives/pain/pain09.html,,
http://www.clir.org/pubs/archives/pain/pain09survey.html,,
http://www.clir.org/pubs/archives/pain/pain10.html,,
http://www.clir.org/pubs/archives/Podcasts,,
http://www.clir.org/pubs/archives/reports/pub115/pub115.pdf,/wp-content/uploads/pub115.pdf,
http://www.clir.org/pubs/archives/research,,
http://www.clir.org/pubs/archives/research/rb1.html,,
http://www.clir.org/pubs/archives/research/rb2.html,,
http://www.clir.org/pubs/archives/research/rb3.html,,
http://www.clir.org/pubs/archives/research/rb4.html,,
http://www.clir.org/pubs/archives/research/rb5.html,,
http://www.clir.org/pubs/archives/research/rb6.html,,
http://www.clir.org/pubs/archives/schmitz.pdf,/wp-content/uploads/schmitz.pdf,
http://www.clir.org/pubs/archives/SehatFarr2009.pdf,/wp-content/uploads/SehatFarr2009.pdf,
http://www.clir.org/pubs/archives/ShiltonToolsfinal.pdf,/wp-content/uploads/ShiltonToolsfinal.pdf,
http://www.clir.org/pubs/execsum,,
http://www.clir.org/pubs/issues,,
http://www.clir.org/pubs/issues/images/iss87spiro,,
http://www.clir.org/pubs/issues/issues01.html,,
http://www.clir.org/pubs/issues/issues01a.html,,
http://www.clir.org/pubs/issues/issues02.html,,
http://www.clir.org/pubs/issues/issues03.html,,
http://www.clir.org/pubs/issues/issues04.html,,
http://www.clir.org/pubs/issues/issues05.html,,
http://www.clir.org/pubs/issues/issues06.html,,
http://www.clir.org/pubs/issues/issues07.html,,
http://www.clir.org/pubs/issues/issues08.html,,
http://www.clir.org/pubs/issues/issues09.html,,
http://www.clir.org/pubs/issues/issues10.html,,
http://www.clir.org/pubs/issues/issues100,,
http://www.clir.org/pubs/issues/issues101,,
http://www.clir.org/pubs/issues/issues101/ferraiolo-and-gallivan-2,,
http://www.clir.org/pubs/issues/issues102,,
http://www.clir.org/pubs/issues/issues103,,
http://www.clir.org/pubs/issues/issues104,,
http://www.clir.org/pubs/issues/issues105,,
http://www.clir.org/pubs/issues/issues106,,
http://www.clir.org/pubs/issues/issues107,,
http://www.clir.org/pubs/issues/issues108,,
http://www.clir.org/pubs/issues/issues109,,
http://www.clir.org/pubs/issues/issues11.html,,
http://www.clir.org/pubs/issues/issues12.html,,
http://www.clir.org/pubs/issues/issues13.html,,
http://www.clir.org/pubs/issues/issues14.html,,
http://www.clir.org/pubs/issues/issues15.html,,
http://www.clir.org/pubs/issues/issues16.html,,
http://www.clir.org/pubs/issues/issues17.html,,
http://www.clir.org/pubs/issues/issues18.html,,
http://www.clir.org/pubs/issues/issues19.html,,
http://www.clir.org/pubs/issues/issues20.html,,
http://www.clir.org/pubs/issues/issues21.html,,
http://www.clir.org/pubs/issues/issues22.html,,
http://www.clir.org/pubs/issues/issues23.html,,
http://www.clir.org/pubs/issues/issues24.html,,
http://www.clir.org/pubs/issues/issues25.html,,
http://www.clir.org/pubs/issues/issues26.html,,
http://www.clir.org/pubs/issues/issues27.html,,
http://www.clir.org/pubs/issues/issues28.html,,
http://www.clir.org/pubs/issues/issues29.html,,
http://www.clir.org/pubs/issues/issues30.html,,
http://www.clir.org/pubs/issues/issues31.html,,
http://www.clir.org/pubs/issues/issues32.html,,
http://www.clir.org/pubs/issues/issues33.html,,
http://www.clir.org/pubs/issues/issues34.html,,
http://www.clir.org/pubs/issues/issues35.html,,
http://www.clir.org/pubs/issues/issues36.html,,
http://www.clir.org/pubs/issues/issues37.html,,
http://www.clir.org/pubs/issues/issues38.html,,
http://www.clir.org/pubs/issues/issues39.html,,
http://www.clir.org/pubs/issues/issues40.html,,
http://www.clir.org/pubs/issues/issues41.html,,
http://www.clir.org/pubs/issues/issues42.html,,
http://www.clir.org/pubs/issues/issues43.html,,
http://www.clir.org/pubs/issues/issues44.html,,
http://www.clir.org/pubs/issues/issues45.html,,
http://www.clir.org/pubs/issues/issues46.html,,
http://www.clir.org/pubs/issues/issues47.html,,
http://www.clir.org/pubs/issues/issues48.html,,
http://www.clir.org/pubs/issues/issues49.html,,
http://www.clir.org/pubs/issues/issues50.html,,
http://www.clir.org/pubs/issues/issues51.html,,
http://www.clir.org/pubs/issues/issues52.html,,
http://www.clir.org/pubs/issues/issues53.html,,
http://www.clir.org/pubs/issues/issues54.html,,
http://www.clir.org/pubs/issues/issues55.html,,
http://www.clir.org/pubs/issues/issues56.html,,
http://www.clir.org/pubs/issues/issues57.html,,
http://www.clir.org/pubs/issues/issues58.html,,
http://www.clir.org/pubs/issues/issues59.html,,
http://www.clir.org/pubs/issues/issues60.html,,
http://www.clir.org/pubs/issues/issues61.html,,
http://www.clir.org/pubs/issues/issues62.html,,
http://www.clir.org/pubs/issues/issues63.html,,
http://www.clir.org/pubs/issues/issues64.html,,
http://www.clir.org/pubs/issues/issues65.html,,
http://www.clir.org/pubs/issues/issues66.html,,
http://www.clir.org/pubs/issues/issues67.html,,
http://www.clir.org/pubs/issues/issues68.html,,
http://www.clir.org/pubs/issues/issues69.html,,
http://www.clir.org/pubs/issues/issues70.html,,
http://www.clir.org/pubs/issues/issues71.html,,
http://www.clir.org/pubs/issues/issues72.html,,
http://www.clir.org/pubs/issues/issues73.html,,
http://www.clir.org/pubs/issues/issues74.html,,
http://www.clir.org/pubs/issues/issues7576.html,,
http://www.clir.org/pubs/issues/issues77.html,,
http://www.clir.org/pubs/issues/issues78.html,,
http://www.clir.org/pubs/issues/issues79.html,,
http://www.clir.org/pubs/issues/issues80.html,,
http://www.clir.org/pubs/issues/issues81.html,,
http://www.clir.org/pubs/issues/issues82.html,,
http://www.clir.org/pubs/issues/issues83.html,,
http://www.clir.org/pubs/issues/issues84.html,,
http://www.clir.org/pubs/issues/issues85.html,,
http://www.clir.org/pubs/issues/issues86.html,,
http://www.clir.org/pubs/issues/issues87,,
http://www.clir.org/pubs/issues/issues88,,
http://www.clir.org/pubs/issues/issues89,,
http://www.clir.org/pubs/issues/issues90,,
http://www.clir.org/pubs/issues/issues90/dlf-forum-photos,,
http://www.clir.org/pubs/issues/issues91,,
http://www.clir.org/pubs/issues/issues92,,
http://www.clir.org/pubs/issues/issues93,,
http://www.clir.org/pubs/issues/issues94,,
http://www.clir.org/pubs/issues/issues95,,
http://www.clir.org/pubs/issues/issues96,,
http://www.clir.org/pubs/issues/issues97,,
http://www.clir.org/pubs/issues/issues98,,
http://www.clir.org/pubs/issues/issues99,,
http://www.clir.org/pubs/issues/signup.html,,
http://www.clir.org/pubs/ordering-report-prints,,
http://www.clir.org/pubs/pubs/reports/pub145/pub145.pdf,/wp-content/uploads/pub145.pdf,
http://www.clir.org/pubs/reports,,
http://www.clir.org/pubs/reports/arms-79/contents.html,,
http://www.clir.org/pubs/reports/arms-79/pub79.pdf,/wp-content/uploads/pub79.pdf,
http://www.clir.org/pubs/reports/ostrow,,
http://www.clir.org/pubs/reports/ostrow/pub71.html,,
http://www.clir.org/pubs/reports/pub100/pub100.pdf,/wp-content/uploads/pub100.pdf,
http://www.clir.org/pubs/reports/pub101/pub101.pdf,/wp-content/uploads/pub101.pdf,
http://www.clir.org/pubs/reports/pub103,,
http://www.clir.org/pubs/reports/pub103/appendix1.html,,
http://www.clir.org/pubs/reports/pub103/appendix2.html,,
http://www.clir.org/pubs/reports/pub103/appendix3.html,,
http://www.clir.org/pubs/reports/pub103/appendix4.html,,
http://www.clir.org/pubs/reports/pub103/appendix5.html,,
http://www.clir.org/pubs/reports/pub103/appendix6.html,,
http://www.clir.org/pubs/reports/pub103/appendix7.html,,
http://www.clir.org/pubs/reports/pub103/contents.html,,
http://www.clir.org/pubs/reports/pub103/pub103.pdf,/wp-content/uploads/pub103.pdf,
http://www.clir.org/pubs/reports/pub103/section1.html,,
http://www.clir.org/pubs/reports/pub103/section2.html,,
http://www.clir.org/pubs/reports/pub103/section3.html,,
http://www.clir.org/pubs/reports/pub103/section4.html,,
http://www.clir.org/pubs/reports/pub103/section5.html,,
http://www.clir.org/pubs/reports/pub103/section6.html,,
http://www.clir.org/pubs/reports/pub104/contents.html,,
http://www.clir.org/pubs/reports/pub104/pub104.pdf,/wp-content/uploads/pub104.pdf,
http://www.clir.org/pubs/reports/pub105/pub105.pdf,/wp-content/uploads/pub105.pdf,
http://www.clir.org/pubs/reports/pub106,,
http://www.clir.org/pubs/reports/pub106/contents.html,,
http://www.clir.org/pubs/reports/pub107,,
http://www.clir.org/pubs/reports/pub107/contents.html,,
http://www.clir.org/pubs/reports/pub108/pub108.pdf,/wp-content/uploads/pub108.pdf,
http://www.clir.org/pubs/reports/pub111/pub111.pdf,/wp-content/uploads/pub111.pdf,
http://www.clir.org/pubs/reports/pub112/pub112.pdf,/wp-content/uploads/pub114.pdf,
http://www.clir.org/pubs/reports/pub114/sum114.html,,
http://www.clir.org/pubs/reports/pub115,,
http://www.clir.org/pubs/reports/pub115/contents.html,,
http://www.clir.org/pubs/reports/pub115/sum115.html,,
http://www.clir.org/pubs/reports/pub116,,
http://www.clir.org/pubs/reports/pub116/contents.html,,
http://www.clir.org/pubs/reports/pub116/sum116.html,,
http://www.clir.org/pubs/reports/pub117,,
http://www.clir.org/pubs/reports/pub117/contents.html,,
http://www.clir.org/pubs/reports/pub117/sum117.html,,
http://www.clir.org/pubs/reports/pub118/sum118.html,,
http://www.clir.org/pubs/reports/pub119/sum119.html,,
http://www.clir.org/pubs/reports/pub120/sum120.html,,
http://www.clir.org/pubs/reports/pub122,,
http://www.clir.org/pubs/reports/pub122/sum122.html,,
http://www.clir.org/pubs/reports/pub124/sum124.html,,
http://www.clir.org/pubs/reports/pub126/sum126.html,,
http://www.clir.org/pubs/reports/pub127/sum127.html,,
http://www.clir.org/pubs/reports/pub128/sum128.html,,
http://www.clir.org/pubs/reports/pub129,,
http://www.clir.org/pubs/reports/pub129/afterword.html,,
http://www.clir.org/pubs/reports/pub129/bennett.html,,
http://www.clir.org/pubs/reports/pub129/contents.html,,
http://www.clir.org/pubs/reports/pub129/demas.html,,
http://www.clir.org/pubs/reports/pub129/freeman.html,,
http://www.clir.org/pubs/reports/pub129/frischer.html,,
http://www.clir.org/pubs/reports/pub129/oliver.html,,
http://www.clir.org/pubs/reports/pub129/peterson.html,,
http://www.clir.org/pubs/reports/pub129/reading.html,,
http://www.clir.org/pubs/reports/pub129/sum129.html,,
http://www.clir.org/pubs/reports/pub130,,
http://www.clir.org/pubs/reports/pub131,,
http://www.clir.org/pubs/reports/pub132,,
http://www.clir.org/pubs/reports/pub132/sum132.html,,
http://www.clir.org/pubs/reports/pub133,,
http://www.clir.org/pubs/reports/pub133/appenda.html,,
http://www.clir.org/pubs/reports/pub133/appendb.html,,
http://www.clir.org/pubs/reports/pub133/appendc.html,,
http://www.clir.org/pubs/reports/pub133/appendd.html,,
http://www.clir.org/pubs/reports/pub133/contents.html,,
http://www.clir.org/pubs/reports/pub133/findings.html,,
http://www.clir.org/pubs/reports/pub133/method.html,,
http://www.clir.org/pubs/reports/pub133/purpose.html,,
http://www.clir.org/pubs/reports/pub133/refs.html,,
http://www.clir.org/pubs/reports/pub133/sum133.html,,
http://www.clir.org/pubs/reports/pub133/summary.html,,
http://www.clir.org/pubs/reports/pub134,,
http://www.clir.org/pubs/reports/pub134/sum134.html,,
http://www.clir.org/pubs/reports/pub135,,
http://www.clir.org/pubs/reports/pub135/append.html,,
http://www.clir.org/pubs/reports/pub135/contents.html,,
http://www.clir.org/pubs/reports/pub135/sec1.html,,
http://www.clir.org/pubs/reports/pub135/sec2.html,,
http://www.clir.org/pubs/reports/pub135/sec3.html,,
http://www.clir.org/pubs/reports/pub135/sec4.html,,
http://www.clir.org/pubs/reports/pub135/sec5.html,,
http://www.clir.org/pubs/reports/pub135/sec6.html,,
http://www.clir.org/pubs/reports/pub135/sum135.html,,
http://www.clir.org/pubs/reports/pub136,,
http://www.clir.org/pubs/reports/pub137,,
http://www.clir.org/pubs/reports/pub137/appendix1.html,,
http://www.clir.org/pubs/reports/pub137/appendix2.html,,
http://www.clir.org/pubs/reports/pub137/contents.html,,
http://www.clir.org/pubs/reports/pub137/part1.html,,
http://www.clir.org/pubs/reports/pub137/part2.html,,
http://www.clir.org/pubs/reports/pub137/sum137.html,,
http://www.clir.org/pubs/reports/pub138,,
http://www.clir.org/pubs/reports/pub138/append1.htm,,
http://www.clir.org/pubs/reports/pub138/append2.html,,
http://www.clir.org/pubs/reports/pub138/append3.html,,
http://www.clir.org/pubs/reports/pub138/append4.html,,
http://www.clir.org/pubs/reports/pub138/conclusion.html,,
http://www.clir.org/pubs/reports/pub138/contents.html,,
http://www.clir.org/pubs/reports/pub138/execsum.html,,
http://www.clir.org/pubs/reports/pub138/intro.html,,
http://www.clir.org/pubs/reports/pub138/metes.html,,
http://www.clir.org/pubs/reports/pub138/refs.html,,
http://www.clir.org/pubs/reports/pub139,,
http://www.clir.org/pubs/reports/pub139/aca.html,,
http://www.clir.org/pubs/reports/pub139/ACAall-rev.pdf,/wp-content/uploads/ACAall-rev.pdf,
http://www.clir.org/pubs/reports/pub139/claremont.html,,
http://www.clir.org/pubs/reports/pub139/contents.html,,
http://www.clir.org/pubs/reports/pub139/denken.html,,
http://www.clir.org/pubs/reports/pub139/redesign.html,,
http://www.clir.org/pubs/reports/pub139/rwwl.html,,
http://www.clir.org/pubs/reports/pub139/smith.html,,
http://www.clir.org/pubs/reports/pub139/sum139.html,,
http://www.clir.org/pubs/reports/pub139/tricoll.html,,
http://www.clir.org/pubs/reports/pub140,,
http://www.clir.org/pubs/reports/pub140/appenda.htm,,
http://www.clir.org/pubs/reports/pub140/appendb.htm,,
http://www.clir.org/pubs/reports/pub140/body-part3,,
http://www.clir.org/pubs/reports/pub140/body.htm,,
http://www.clir.org/pubs/reports/pub140/contents.html,,
http://www.clir.org/pubs/reports/pub140/execsum.html,,
http://www.clir.org/pubs/reports/pub140/sum140.html,,
http://www.clir.org/pubs/reports/pub141,,
http://www.clir.org/pubs/reports/pub141/appendix.html,,
http://www.clir.org/pubs/reports/pub141/contents.html,,
http://www.clir.org/pubs/reports/pub141/sec1.html,,
http://www.clir.org/pubs/reports/pub141/sec2.html,,
http://www.clir.org/pubs/reports/pub141/sec3.html,,
http://www.clir.org/pubs/reports/pub141/sec4.html,,
http://www.clir.org/pubs/reports/pub141/sec5.html,,
http://www.clir.org/pubs/reports/pub141/sec6.html,,
http://www.clir.org/pubs/reports/pub141/sum141.html,,
http://www.clir.org/pubs/reports/pub142,,
http://www.clir.org/pubs/reports/pub142/contents.html,,
http://www.clir.org/pubs/reports/pub142/courant.html,,
http://www.clir.org/pubs/reports/pub142/dillon.html,,
http://www.clir.org/pubs/reports/pub142/luce.html,,
http://www.clir.org/pubs/reports/pub142/nichols.html,,
http://www.clir.org/pubs/reports/pub142/part1.html,,
http://www.clir.org/pubs/reports/pub142/rentfrow.html,,
http://www.clir.org/pubs/reports/pub142/smith.html,,
http://www.clir.org/pubs/reports/pub142/wittenberg.html,,
http://www.clir.org/pubs/reports/pub142/zia.html,,
http://www.clir.org/pubs/reports/pub143,,
http://www.clir.org/pubs/reports/pub143/appenda.html,,
http://www.clir.org/pubs/reports/pub143/appendb.html,,
http://www.clir.org/pubs/reports/pub143/appendc.html,,
http://www.clir.org/pubs/reports/pub143/appendd.html,,
http://www.clir.org/pubs/reports/pub143/appende.html,,
http://www.clir.org/pubs/reports/pub143/appendf.html,,
http://www.clir.org/pubs/reports/pub143/contents.html,,
http://www.clir.org/pubs/reports/pub143/execsum.html,,
http://www.clir.org/pubs/reports/pub143/sec1.html,,
http://www.clir.org/pubs/reports/pub143/sec2.html,,
http://www.clir.org/pubs/reports/pub143/sec3.html,,
http://www.clir.org/pubs/reports/pub143/sec4.html,,
http://www.clir.org/pubs/reports/pub143/sec5.html,,
http://www.clir.org/pubs/reports/pub143/sec6.html,,
http://www.clir.org/pubs/reports/pub144,,
http://www.clir.org/pubs/reports/pub144/appenda.html,,
http://www.clir.org/pubs/reports/pub144/appendb.html,,
http://www.clir.org/pubs/reports/pub144/appendc.html,,
http://www.clir.org/pubs/reports/pub144/contents.html,,
http://www.clir.org/pubs/reports/pub144/sec1.html,,
http://www.clir.org/pubs/reports/pub144/sec2.html,,
http://www.clir.org/pubs/reports/pub144/sec3.html,,
http://www.clir.org/pubs/reports/pub144/sec4.html,,
http://www.clir.org/pubs/reports/pub144/sec5.html,,
http://www.clir.org/pubs/reports/pub144/sum144.html,,
http://www.clir.org/pubs/reports/pub145,,
http://www.clir.org/pubs/reports/pub145/sum145.html,,
http://www.clir.org/pubs/reports/pub146,,
http://www.clir.org/pubs/reports/pub146/contents.html,,
http://www.clir.org/pubs/reports/pub147,,
http://www.clir.org/pubs/reports/pub148,,
http://www.clir.org/pubs/reports/pub148/contents.html,,
http://www.clir.org/pubs/reports/pub149,,
http://www.clir.org/pubs/reports/pub150,,
http://www.clir.org/pubs/reports/pub151,,
http://www.clir.org/pubs/reports/pub151/1.-the-first-challenge-and-its-respondents,,
http://www.clir.org/pubs/reports/pub151/2.-characteristics-of-the-eight-projects,,
http://www.clir.org/pubs/reports/pub151/3.-reflecting-and-looking-ahead,,
http://www.clir.org/pubs/reports/pub151/afterword-a-charge-to-stakeholders,,
http://www.clir.org/pubs/reports/pub151/case-studies,,
http://www.clir.org/pubs/reports/pub151/case-studies/did-arq,,
http://www.clir.org/pubs/reports/pub151/case-studies/dmci,,
http://www.clir.org/pubs/reports/pub151/case-studies/dve,,
http://www.clir.org/pubs/reports/pub151/case-studies/enlightenment,,
http://www.clir.org/pubs/reports/pub151/case-studies/harvesting,,
http://www.clir.org/pubs/reports/pub151/case-studies/mining,,
http://www.clir.org/pubs/reports/pub151/case-studies/railroads,,
http://www.clir.org/pubs/reports/pub151/case-studies/salami,,
http://www.clir.org/pubs/reports/pub151/contents,,
http://www.clir.org/pubs/reports/pub151/digging-into-data-challenge-award-recipients-2009-project-participants,,
http://www.clir.org/pubs/reports/pub151/executive-summary,,
http://www.clir.org/pubs/reports/pub151/pub151.pdf,/wp-content/uploads/pub151.pdf,
http://www.clir.org/pubs/reports/pub151/suggestions-for-further-reading,,
http://www.clir.org/pubs/reports/pub152,,
http://www.clir.org/pubs/reports/pub152/LDWTechDraft_ver1.0final_111230.pdf,/wp-content/uploads/LDWTechDraft_ver1.0final_111230.pdf,
http://www.clir.org/pubs/reports/pub152/linked-data-survey,,
http://www.clir.org/pubs/reports/pub152/Stanford Linked Data Workshop Report FINAL 111024.htm,,
http://www.clir.org/pubs/reports/pub153,,
http://www.clir.org/pubs/reports/pub153/body,,
http://www.clir.org/pubs/reports/pub153/contents,,
http://www.clir.org/pubs/reports/pub153/pub153.pdf,/wp-content/uploads/pub153.pdf,
http://www.clir.org/pubs/reports/pub153/references,,
http://www.clir.org/pubs/reports/pub154,,
http://www.clir.org/pubs/reports/pub154/contents,,
http://www.clir.org/pubs/reports/pub154/education,,
http://www.clir.org/pubs/reports/pub154/introduction,,
http://www.clir.org/pubs/reports/pub154/problem-of-data,,
http://www.clir.org/pubs/reports/pub154/pub154.pdf,/wp-content/uploads/pub154.pdf,
http://www.clir.org/pubs/reports/pub155,,
http://www.clir.org/pubs/reports/pub155/pub155.pdf,/wp-content/uploads/pub155.pdf,
http://www.clir.org/pubs/reports/pub156,,
http://www.clir.org/pubs/reports/pub156/contents,,
http://www.clir.org/pubs/reports/pub156/executive-summary,,
http://www.clir.org/pubs/reports/pub156/pub156.pdf,/wp-content/uploads/pub156.pdf,
http://www.clir.org/pubs/reports/pub156/references,,
http://www.clir.org/pubs/reports/pub156/section1,,
http://www.clir.org/pubs/reports/pub156/section2,,
http://www.clir.org/pubs/reports/pub156/section3,,
http://www.clir.org/pubs/reports/pub156/section4,,
http://www.clir.org/pubs/reports/pub157,,
http://www.clir.org/pubs/reports/pub157/pub157.pdf,/wp-content/uploads/pub157.pdf,
http://www.clir.org/pubs/reports/pub158,,
http://www.clir.org/pubs/reports/pub158/pub158.pdf,/wp-content/uploads/pub158.pdf,
http://www.clir.org/pubs/reports/pub159,,
http://www.clir.org/pubs/reports/pub159/pub159.pdf,/wp-content/uploads/pub159.pdf,
http://www.clir.org/pubs/reports/pub159/pub159t.pdf,/wp-content/uploads/pub159t.pdf,
http://www.clir.org/pubs/reports/pub159/report-cover.pdf,/wp-content/uploads/report-cover.pdf,
http://www.clir.org/pubs/reports/pub160,,
http://www.clir.org/pubs/reports/pub160/denton-declaration,,
http://www.clir.org/pubs/reports/pub160/pub160.pdf,/wp-content/uploads/pub160.pdf,
http://www.clir.org/pubs/reports/pub161,,
http://www.clir.org/pubs/reports/pub161/pub161.pdf,/wp-content/uploads/pub161.pdf,
http://www.clir.org/pubs/reports/pub162,,
http://www.clir.org/pubs/reports/pub162/pub162.pdf,/wp-content/uploads/pub162.pdf,
http://www.clir.org/pubs/reports/pub162/webinar2014,,
http://www.clir.org/pubs/reports/pub163,,
http://www.clir.org/pubs/reports/pub163/pub163.pdf,/wp-content/uploads/pub163.pdf,
http://www.clir.org/pubs/reports/pub164,,
http://www.clir.org/pubs/reports/pub164/pub164.pdf,/wp-content/uploads/pub164.pdf,
http://www.clir.org/pubs/reports/pub165,,
http://www.clir.org/pubs/reports/pub165/casestudy_MSU,,
http://www.clir.org/pubs/reports/pub165/GF03WebMetricsAnalyticsSurveyopt.pdf,/wp-content/uploads/GF03WebMetricsAnalyticsSurveyopt.pdf,
http://www.clir.org/pubs/reports/pub165/GF04PreplanForm.pdf,/wp-content/uploads/GF04PreplanForm.pdf,
http://www.clir.org/pubs/reports/pub165/stakeholder,,
http://www.clir.org/pubs/reports/pub166,,
http://www.clir.org/pubs/reports/pub166/pub166-pdf,/wp-content/uploads/pub166.pdf,
http://www.clir.org/pubs/reports/pub167,,
http://www.clir.org/pubs/reports/pub167/about.pdf,,
http://www.clir.org/pubs/reports/pub167/appx1.pdf,,
http://www.clir.org/pubs/reports/pub167/appx2.pdf,,
http://www.clir.org/pubs/reports/pub167/authors.pdf,,
http://www.clir.org/pubs/reports/pub167/collaboration.pdf,,
http://www.clir.org/pubs/reports/pub167/expanding.pdf,,
http://www.clir.org/pubs/reports/pub167/foreword.pdf,,
http://www.clir.org/pubs/reports/pub167/history.pdf,,
http://www.clir.org/pubs/reports/pub167/next.pdf,,
http://www.clir.org/pubs/reports/pub167/pedagogy.pdf,,
http://www.clir.org/pubs/reports/pub167/pub167.pdf,,
http://www.clir.org/pubs/reports/pub167/RDM.pdf,,
http://www.clir.org/pubs/reports/pub167/survey.pdf,,
http://www.clir.org/pubs/reports/pub167/trackless.pdf,,
http://www.clir.org/pubs/reports/pub168,,
http://www.clir.org/pubs/reports/pub168/pub168,,
http://www.clir.org/pubs/reports/pub169,,
http://www.clir.org/pubs/reports/pub169/addonizioetal.pdf,,
http://www.clir.org/pubs/reports/pub169/appendix-1,,
http://www.clir.org/pubs/reports/pub169/appendix-2,,
http://www.clir.org/pubs/reports/pub169/appendix-3,,
http://www.clir.org/pubs/reports/pub169/banks-fogel,,
http://www.clir.org/pubs/reports/pub169/blacketal.pdf,,
http://www.clir.org/pubs/reports/pub169/cariani-et-al,,
http://www.clir.org/pubs/reports/pub169/conclusion,,
http://www.clir.org/pubs/reports/pub169/epilogue,,
http://www.clir.org/pubs/reports/pub169/fidler-et-al,,
http://www.clir.org/pubs/reports/pub169/gieringer-et-al,,
http://www.clir.org/pubs/reports/pub169/goldsby.pdf,,
http://www.clir.org/pubs/reports/pub169/greene-et-al,,
http://www.clir.org/pubs/reports/pub169/gustainis,,
http://www.clir.org/pubs/reports/pub169/gustainis-letocha,,
http://www.clir.org/pubs/reports/pub169/harteral.pdf,,
http://www.clir.org/pubs/reports/pub169/henry.pdf,,
http://www.clir.org/pubs/reports/pub169/learningatwork.pdf,,
http://www.clir.org/pubs/reports/pub169/luckoetal.pdf,,
http://www.clir.org/pubs/reports/pub169/malbinetal.pdf,,
http://www.clir.org/pubs/reports/pub169/malcolm-runge,,
http://www.clir.org/pubs/reports/pub169/mcknightetal.pdf,,
http://www.clir.org/pubs/reports/pub169/mcshea,,
http://www.clir.org/pubs/reports/pub169/msgfromeditor.pdf,,
http://www.clir.org/pubs/reports/pub169/peek,,
http://www.clir.org/pubs/reports/pub169/perry,,
http://www.clir.org/pubs/reports/pub169/piscitellietal.pdf,,
http://www.clir.org/pubs/reports/pub169/pub169.pdf,,
http://www.clir.org/pubs/reports/pub169/shenetal.pdf,,
http://www.clir.org/pubs/reports/pub169/spence,,
http://www.clir.org/pubs/reports/pub169/tummino,,
http://www.clir.org/pubs/reports/pub78,,
http://www.clir.org/pubs/reports/pub78/area.html,,
http://www.clir.org/pubs/reports/pub78/audio.html,,
http://www.clir.org/pubs/reports/pub78/contents.html,,
http://www.clir.org/pubs/reports/pub78/manuscript.html,,
http://www.clir.org/pubs/reports/pub78/preface.html,,
http://www.clir.org/pubs/reports/pub78/summaries.html,,
http://www.clir.org/pubs/reports/pub78/synthesis.html,,
http://www.clir.org/pubs/reports/pub80-smith/pub80.html,,
http://www.clir.org/pubs/reports/pub92,,
http://www.clir.org/pubs/reports/pub92/appendix.html,,
http://www.clir.org/pubs/reports/pub92/contents.html,,
http://www.clir.org/pubs/reports/pub92/cullen.html,,
http://www.clir.org/pubs/reports/pub92/hirtle.html,,
http://www.clir.org/pubs/reports/pub92/levy.html,,
http://www.clir.org/pubs/reports/pub92/lynch.html,,
http://www.clir.org/pubs/reports/pub92/rothenberg.html,,
http://www.clir.org/pubs/reports/pub92/smith.html,,
http://www.clir.org/pubs/reports/pub95/pub95.pdf,/wp-content/uploads/pub95.pdf,
http://www.clir.org/pubs/reports/pub96/pub96.pdf,/wp-content/uploads/pub96.pdf,
http://www.clir.org/pubs/reports/pub97/pub97.pdf,/wp-content/uploads/pub97.pdf,
http://www.clir.org/pubs/reports/pub98/pub98.pdf,/wp-content/uploads/pub98.pdf,
http://www.clir.org/pubs/reports/pub99/pub99.pdf,/wp-content/uploads/pub99.pdf,
http://www.clir.org/pubs/reports/reports/pub129/pub129.pdf,/wp-content/uploads/pub129.pdf,
http://www.clir.org/pubs/reports/reports/pub130/pub130.pdf,/wp-content/uploads/pub130.pdf,
http://www.clir.org/pubs/reports/reports/pub130/pub130ch.pdf,/wp-content/uploads/pub130ch.pdf,
http://www.clir.org/pubs/reports/reports/pub131/pub131.pdf,/wp-content/uploads/pub131.pdf,
http://www.clir.org/pubs/reports/reports/pub132/pub132.pdf,/wp-content/uploads/pub132.pdf,
http://www.clir.org/pubs/reports/reports/pub133/pub133.pdf,/wp-content/uploads/pub133.pdf,
http://www.clir.org/pubs/reports/reports/pub134/pub134col.pdf,/wp-content/uploads/pub134col.pdf,
http://www.clir.org/pubs/reports/reports/pub134/pub134grey.pdf,/wp-content/uploads/pub134grey.pdf,
http://www.clir.org/pubs/reports/reports/pub135/pub135.pdf,/wp-content/uploads/pub135.pdf,
http://www.clir.org/pubs/reports/reports/pub136/pub136.pdf,/wp-content/uploads/pub136.pdf,
http://www.clir.org/pubs/reports/reports/pub137/pub137.pdf,/wp-content/uploads/pub137.pdf,
http://www.clir.org/pubs/reports/reports/pub138/pub138.pdf,/wp-content/uploads/pub138.pdf,
http://www.clir.org/pubs/reports/reports/pub139/CLall.pdf,/wp-content/uploads/CLall.pdf,
http://www.clir.org/pubs/reports/reports/pub139/pub139.pdf,/wp-content/uploads/pub139.pdf,
http://www.clir.org/pubs/reports/reports/pub139/RWWLall.pdf,/wp-content/uploads/RWWLall.pdf,
http://www.clir.org/pubs/reports/reports/pub140/pub140.pdf,/wp-content/uploads/pub140.pdf,
http://www.clir.org/pubs/reports/reports/pub141/pub141.pdf,/wp-content/uploads/pub141.pdf,
http://www.clir.org/pubs/reports/reports/pub142/pub142.pdf,/wp-content/uploads/pub142.pdf,
http://www.clir.org/pubs/reports/reports/pub142/pub142Arabic_part1.pdf,/wp-content/uploads/pub142Arabic_part1.pdf,
http://www.clir.org/pubs/reports/reports/pub142/pub142Chinese_part1.pdf,/wp-content/uploads/pub142Chinese_part1.pdf,
http://www.clir.org/pubs/reports/reports/pub143/pub143.pdf,/wp-content/uploads/pub143.pdf,
http://www.clir.org/pubs/reports/reports/pub144/pub144.pdf,/wp-content/uploads/pub144.pdf,
http://www.clir.org/pubs/reports/reports/pub145/pub145.pdf,/wp-content/uploads/pub145.pdf,
http://www.clir.org/pubs/reports/reports/pub146/pub146.pdf,/wp-content/uploads/pub146.pdf,
http://www.clir.org/pubs/reports/reports/pub147/data1Gevinson.pdf,/wp-content/uploads/data1Gevinson.pdf,
http://www.clir.org/pubs/reports/reports/pub147/data2Gevinson.pdf,/wp-content/uploads/data2Gevinson.pdf,
http://www.clir.org/pubs/reports/reports/pub147/dataAGevinson.pdf,/wp-content/uploads/dataAGevinson.pdf,
http://www.clir.org/pubs/reports/reports/pub147/dataBaralt.pdf,/wp-content/uploads/dataBaralt.pdf,
http://www.clir.org/pubs/reports/reports/pub147/dataBGevinson.pdf,/wp-content/uploads/dataBGevinson.pdf,
http://www.clir.org/pubs/reports/reports/pub147/dataCGevinson.pdf,/wp-content/uploads/dataCGevinson.pdf,
http://www.clir.org/pubs/reports/reports/pub147/dataSchmitz.xls,/wp-content/uploads/dataSchmitz.xls,
http://www.clir.org/pubs/reports/reports/pub147/dataSoler.pdf,/wp-content/uploads/dataSoler.pdf,
http://www.clir.org/pubs/reports/reports/pub147/pub147.pdf,/wp-content/uploads/pub147.pdf,
http://www.clir.org/pubs/reports/reports/pub147/sumBaralt.pdf,/wp-content/uploads/sumBaralt.pdf,
http://www.clir.org/pubs/reports/reports/pub147/sumGevinson.pdf,/wp-content/uploads/sumGevinson.pdf,
http://www.clir.org/pubs/reports/reports/pub147/sumIntro.pdf,/wp-content/uploads/sumIntro.pdf,
http://www.clir.org/pubs/reports/reports/pub147/sumSchmitz.pdf,/wp-content/uploads/sumSchmitz.pdf,
http://www.clir.org/pubs/reports/reports/pub147/sumSoler.pdf,/wp-content/uploads/sumSoler.pdf,
http://www.clir.org/pubs/reports/reports/pub148/pub148.pdf,/wp-content/uploads/pub148.pdf,
http://www.clir.org/pubs/reports/reports/pub149/pub149.pdf,/wp-content/uploads/pub149.pdf,
http://www.clir.org/pubs/reports/reports/pub150/pub150.pdf,/wp-content/uploads/pub150.pdf,
http://www.clir.org/pubs/reports/reports/pub152/LinkedDataWorkshop.pdf,/wp-content/uploads/LinkedDataWorkshop.pdf,
http://www.clir.org/pubs/reports/spiro,,
http://www.clir.org/pubs/reports/spiro/append1.htm,,
http://www.clir.org/pubs/reports/spiro/append2.htm,,
http://www.clir.org/pubs/reports/spiro/append4.htm,,
http://www.clir.org/pubs/reports/spiro/spiro/spiro_Jan13.pdf,/wp-content/uploads/spiro_Jan13.pdf,
http://www.clir.org/pubs/reports/trant04.html,,
http://www.clir.org/pubs/resources,,
http://www.clir.org/pubs/resources/2003-sponsors-symposium,,
http://www.clir.org/pubs/resources/2003-sponsors-symposium/symp2003PPT.html,,
http://www.clir.org/pubs/resources/2004-sponsors-symposium,,
http://www.clir.org/pubs/resources/2004-sponsors-symposium/symp2004PPT.html,,
http://www.clir.org/pubs/resources/2005-sponsors-symposium,,
http://www.clir.org/pubs/resources/2005-sponsors-symposium/apr05spon_agenda.htm,,
http://www.clir.org/pubs/resources/2005-sponsors-symposium/sympslides2005/Griffiths.htm,,
http://www.clir.org/pubs/resources/2005-sponsors-symposium/sympslides2005/RhindTutt.htm,,
http://www.clir.org/pubs/resources/2005-sponsors-symposium/sympslides2005/Shulenburger.htm,,
http://www.clir.org/pubs/resources/2005-sponsors-symposium/sympslides2005/Woods.htm,,
http://www.clir.org/pubs/resources/2006-sponsors-symposium,,
http://www.clir.org/pubs/resources/2006-sponsors-symposium/apr06sponagenda.htm,,
http://www.clir.org/pubs/resources/2006-sponsors-symposium/sympslides2006/Cheetham.ppt,,
http://www.clir.org/pubs/resources/2006-sponsors-symposium/sympslides2006/CultureBrowser_FactSheet.pdf,,
http://www.clir.org/pubs/resources/2006-sponsors-symposium/sympslides2006/Decker.ppt,,
http://www.clir.org/pubs/resources/2006-sponsors-symposium/sympslides2006/ParcelMapping_FactSheet.pdf,,
http://www.clir.org/pubs/resources/2006-sponsors-symposium/sympslides2006/PhotoArchive_FactSheet.pdf,,
http://www.clir.org/pubs/resources/2008-sponsors-symposium,,
http://www.clir.org/pubs/resources/2008-sponsors-symposium/08sponagenda.htm,,
http://www.clir.org/pubs/resources/2009-sponsors-symposium,,
http://www.clir.org/pubs/resources/2009-sponsors-symposium/09sponagenda.htm,,
http://www.clir.org/pubs/resources/2011-sponsors-symposium,,
http://www.clir.org/pubs/resources/2011-sponsors-symposium/11sponagenda.pdf,,
http://www.clir.org/pubs/resources/2011-sponsors-symposium/sympslides2011/hydra.pdf,,
http://www.clir.org/pubs/resources/2011-sponsors-symposium/sympslides2011/jahnke.pdf,,
http://www.clir.org/pubs/resources/2011-sponsors-symposium/sympslides2011/neuroth.pdf,,
http://www.clir.org/pubs/resources/ad-converters-pohlmann.pdf,,
http://www.clir.org/pubs/resources/Anvil Intro Part 1,,
http://www.clir.org/pubs/resources/Anvil Intro Part 2,,
http://www.clir.org/pubs/resources/articles.html,,
http://www.clir.org/pubs/resources/Assessment360.pdf,/wp-content/uploads/Assessment360.pdf,
http://www.clir.org/pubs/resources/Assessment360exsum.pdf,/wp-content/uploads/Assessment360exsum.pdf,
http://www.clir.org/pubs/resources/clir-annual-sponsors-symposium-2007,,
http://www.clir.org/pubs/resources/clir-annual-sponsors-symposium-2007/dec07sponagenda.htm,,
http://www.clir.org/pubs/resources/core-functions-of-the-research-library-in-the-21st-century,,
http://www.clir.org/pubs/resources/dbm_elsevier2003.html,,
http://www.clir.org/pubs/resources/global-digital-libraries-inaugural-conference-2009,,
http://www.clir.org/pubs/resources/linked-data-rdf-workshop-british-library-2010,,
http://www.clir.org/pubs/resources/linked-data-rdf-workshop-british-library-2010/BL_LinkedData/99_LD_Workshop_summary_of_actions.doc,/wp-content/uploads/BL_LinkedData/99_LD_Workshop_summary_of_actions.doc,
http://www.clir.org/pubs/resources/linked-data-rdf-workshop-british-library-2010/BL_LinkedData/LDSurveySummary_06082010.pdf,/wp-content/uploads/BL_LinkedData/LDSurveySummary_06082010.pdf,
http://www.clir.org/pubs/resources/linked-data-rdf-workshop-british-library-2010/BL_LinkedData/linked_data_programme.html,,TODO
http://www.clir.org/pubs/resources/linked-data-rdf-workshop-british-library-2010/BL_LinkedData/Linked_Data_Workshop_Summary_Report_DRAFT.doc,/wp-content/uploads/BL_LinkedData/Linked_Data_Workshop_Summary_Report_DRAFT.doc,
http://www.clir.org/pubs/resources/managing-digital-assets-a-primer-for-library-and-information-technology-administrators,,TODO
http://www.clir.org/pubs/resources/managing-digital-assets-a-primer-for-library-and-information-technology-administrators/feb05_biblio.html,,
http://www.clir.org/pubs/resources/managing-digital-assets-a-primer-for-library-and-information-technology-administrators/feb05_spkrnotes/dempsey.htm,,
http://www.clir.org/pubs/resources/managing-digital-assets-a-primer-for-library-and-information-technology-administrators/feb05_spkrnotes/goodyear.htm,,
http://www.clir.org/pubs/resources/managing-digital-assets-a-primer-for-library-and-information-technology-administrators/feb05_spkrnotes/greenbaum.htm,,
http://www.clir.org/pubs/resources/managing-digital-assets-a-primer-for-library-and-information-technology-administrators/feb05_spkrnotes/okerson.htm,,
http://www.clir.org/pubs/resources/managing-digital-assets-a-primer-for-library-and-information-technology-administrators/feb05_spkrnotes/seaman.htm,,
http://www.clir.org/pubs/resources/managing-digital-assets-a-primer-for-library-and-information-technology-administrators/feb05_spkrnotes/smith.htm,,
http://www.clir.org/pubs/resources/managing-digital-assets-a-primer-for-library-and-information-technology-administrators/feb05_spkrnotes/waters.htm,,
http://www.clir.org/pubs/resources/managing-digital-assets-a-primer-for-library-and-information-technology-administrators/feb05_spkrnotes/wolpert.htm,,
http://www.clir.org/pubs/resources/managing-digital-assets-a-primer-for-library-and-information-technology-administrators/feb05_spkrnotes/woodten.htm,,
http://www.clir.org/pubs/resources/managing-digital-assets-strategic-issues-for-research-libraries,,
http://www.clir.org/pubs/resources/mid-career-library-leadership-training-2006,,
http://www.clir.org/pubs/resources/promoting-digital-scholarship-i,,
http://www.clir.org/pubs/resources/promoting-digital-scholarship-i/Nov07Lougee.pdf,/wp-content/uploads/Nov07Lougee.pdf,
http://www.clir.org/pubs/resources/promoting-digital-scholarship-i/Nov28final.pdf,/wp-content/uploads/Nov28final.pdf,
http://www.clir.org/pubs/resources/promoting-digital-scholarship-i/prospectus.pdf,/wp-content/uploads/prospectus.pdf,
http://www.clir.org/pubs/resources/promoting-digital-scholarship-ii-clir-neh,,
http://www.clir.org/pubs/resources/promoting-digital-scholarship-ii-clir-neh/agenda08_05.htm,,
http://www.clir.org/pubs/resources/promoting-digital-scholarship-ii-clir-neh/agenda08_05.pdf,/wp-content/uploads/agenda08_05.pdf,
http://www.clir.org/pubs/resources/promoting-digital-scholarship-ii-clir-neh/crane11_11.pdf,/wp-content/uploads/crane11_11.pdf,
http://www.clir.org/pubs/resources/promoting-digital-scholarship-ii-clir-neh/FinalPerfRep08.pdf,/wp-content/uploads/FinalPerfRep08.pdf,
http://www.clir.org/pubs/resources/promoting-digital-scholarship-ii-clir-neh/friedlander.pdf,/wp-content/uploads/friedlander.pdf,
http://www.clir.org/pubs/resources/promoting-digital-scholarship-ii-clir-neh/huberman11_11.pdf,/wp-content/uploads/huberman11_11.pdf,
http://www.clir.org/pubs/resources/promoting-digital-scholarship-ii-clir-neh/levander11_11.pdf,/wp-content/uploads/levander11_11.pdf,
http://www.clir.org/pubs/resources/promoting-digital-scholarship-ii-clir-neh/murray11_11.pdf,/wp-content/uploads/murray11_11.pdf,
http://www.clir.org/pubs/resources/promoting-digital-scholarship-ii-clir-neh/oard11_11.pdf,/wp-content/uploads/oard11_11.pdf,
http://www.clir.org/pubs/resources/promoting-digital-scholarship-ii-clir-neh/Participants.html,,TODO
http://www.clir.org/pubs/resources/promoting-digital-scholarship-ii-clir-neh/stone11_11.pdf,/wp-content/uploads/stone11_11.pdf,
http://www.clir.org/pubs/resources/promoting-digital-scholarship-ii-clir-neh/zorich.pdf,/wp-content/uploads/zorich.pdf,
http://www.clir.org/pubs/resources/tutorial.html,,
http://www.clir.org/pubs/ruminations,,
http://www.clir.org/pubs/ruminations/01wilkin,,
http://www.clir.org/pubs/ruminations/01wilkin/images/fig2.eps,/wp-content/uploads/fig2.eps,
http://www.clir.org/pubs/ruminations/01wilkin/images/fig3.eps,/wp-content/uploads/fig3.eps,
http://www.clir.org/pubs/ruminations/01wilkin/images/fig4.eps,/wp-content/uploads/fig4.eps,
http://www.clir.org/pubs/ruminations/01wilkin/images/fig5.eps,/wp-content/uploads/fig5.eps,
http://www.clir.org/pubs/ruminations/01wilkin/images/fig6.eps,/wp-content/uploads/fig6.eps,
http://www.clir.org/pubs/ruminations/01wilkin/images/fig7.eps,/wp-content/uploads/fig7.eps,
http://www.clir.org/pubs/ruminations/01wilkin/wilkin.pdf,/wp-content/uploads/wilkin.pdf,
http://www.clir.org/pubs/ruminations/02cornellcolumbia,,
http://www.clir.org/pubs/ruminations/02cornellcolumbia/appendix1.pdf,,
http://www.clir.org/pubs/ruminations/02cornellcolumbia/appendix2.pdf,,
http://www.clir.org/pubs/ruminations/02cornellcolumbia/appendix3.pdf,,
http://www.clir.org/pubs/ruminations/02cornellcolumbia/report.pdf,,
http://www.clir.org/pubs/ruminations/03smithrumsey,,
http://www.clir.org/pubs/ruminations/03smithrumsey/report.pdf,,